site,strike,dip,n/no,dec_is,inc_is,alpha95,k,dec_tc,inc_tc,section,filtered_out_by_direction
SC 2a,325,81,5/11,104.50,36.00,11.50,45.00,97.90,-25.30,Sheep Creek Canyon,yes
SC 5a,324,80,4/12,102.60,58.70,12.70,53.00,77.40,-11.00,Sheep Creek Canyon,yes
SC 6a,325,78,7/12,114.00,31.30,12.60,23.80,105.70,-18.80,Sheep Creek Canyon,yes
SC 9b,293,43,3/20,97.50,-8.20,17.10,52.90,107.20,-16.50,Sheep Creek Canyon,
SC 10a,301,55,3/3,81.20,33.30,11.90,108.40,71.30,-7.10,Sheep Creek Canyon,yes
SC 11,296,39,12/12,98.10,-12.50,4.10,115.00,110.00,-20.90,Sheep Creek Canyon,
SC 12,297,36,12/14,95.30,6.50,5.30,69.20,95.50,-7.10,Sheep Creek Canyon,
SC 13,286,38,2/7,88.70,15.60,6.50,1502.00,83.00,2.00,Sheep Creek Canyon,
SC 13a,286,38,3/7,82.30,32.90,12.50,98.10,68.00,12.70,Sheep Creek Canyon,yes
SC 14,301,39,4/15,105.30,6.40,3.40,718.10,104.70,-4.70,Sheep Creek Canyon,
SC 15,298,30,4/4,108.00,6.40,11.60,63.80,106.20,0.60,Sheep Creek Canyon,
SC 16,315,41,5/5,105.90,6.00,9.50,65.60,108.50,-13.80,Sheep Creek Canyon,
SC 17,308,41,9/9,90.50,10.20,7.50,48.10,91.90,-15.00,Sheep Creek Canyon,
SC 19,303,40,5/14,96.20,11.70,9.60,64.60,94.80,-7.40,Sheep Creek Canyon,
SC 20,304,35,11/11,97.40,6.00,5.70,64.60,98.50,-9.80,Sheep Creek Canyon,
SC 21b,305,52,3/13,273.10,62.90,20.70,36.50,0.00,47.50,Sheep Creek Canyon,
SC 22,287,30,14/17,90.80,22.30,6.40,39.30,82.10,11.50,Sheep Creek Canyon,
SC 23,287,30,8/12,98.30,0.50,7.50,56.00,99.20,-3.90,Sheep Creek Canyon,
SC 24,267,20,4/5,95.10,-1.20,3.60,665.20,95.00,1.60,Sheep Creek Canyon,
SC 26,257,22,8/8,89.80,-0.40,5.90,55.90,89.00,4.40,Sheep Creek Canyon,
SC 71,294,33,5/8,99.50,-1.80,11.30,47.20,102.70,-9.40,Sheep Creek Canyon,
SC 72b,318,25,5/8,96.40,18.40,15.90,24.00,93.20,1.10,Sheep Creek Canyon,
SC 75,294,39,7/11,89.60,0.10,13.20,22.00,94.50,-15.00,Sheep Creek Canyon,
SC 77,284,32,8/8,90.60,11.10,7.50,66.30,86.80,2.50,Sheep Creek Canyon,
SC 80,296,27,7/7,86.60,20.70,10.20,36.00,81.00,6.10,Sheep Creek Canyon,
SC 83,284,30,8/8,103.30,-11.10,2.50,502.20,109.00,-9.90,Sheep Creek Canyon,
SC 84,278,95,7/7,90.90,-0.90,7.30,70.10,99.50,-7.00,Sheep Creek Canyon,
SC 85a,280,30,8/8,77.20,17.90,8.20,46.40,71.70,4.70,Sheep Creek Canyon,
SC 86,267,23,7/7,88.50,9.90,8.30,53.50,84.50,9.70,Sheep Creek Canyon,
SC 87,279,35,7/7,89.60,-11.80,7.30,69.40,98.20,-15.00,Sheep Creek Canyon,
SC 88a,292,27,5/6,74.30,10.70,11.60,44.30,73.40,-6.20,Sheep Creek Canyon,yes
SC 89,247,15,9/12,99.30,-19.50,11.00,23.00,102.70,-11.10,Sheep Creek Canyon,
SC 90,247,15,6/6,91.10,-21.80,9.60,50.10,95.60,-15.10,Sheep Creek Canyon,
BL 55a,278,5,5/5,41.70,57.90,6.40,114.90,37.80,53.70,Browne Lake,yes
BL 56,277,11,5/10,82.90,-5.80,13.10,35.10,84.30,-8.30,Browne Lake,
CC 57,285,12,8/11,263.20,-13.40,5.80,–,261.00,-8.70,Carter Creek,
CC 58,232,10,10/12,266.40,-6.70,4.40,–,265.00,-12.30,Carter Creek,
CC 59,277,9,5/8,270.40,-11.80,12.90,–,268.60,-10.60,Carter Creek,
CC 60,300,5,4/8,272.00,-5.00,3.40,–,271.70,-2.60,Carter Creek,
CC 61,281,1,9/11,263.90,-5.90,11.70,–,263.80,-5.60,Carter Creek,
DS 29b,0,0,7/10,98.70,-20.10,30.70,4.80,98.70,-20.10,Dowd Springs non-fold test rocks,
DS 29a,0,0,5/10,281.10,-42.20,14.30,30.30,281.10,-42.20,Dowd Springs non-fold test rocks,yes
DS 30a,107,4,6/10,290.90,-72.20,8.10,69.20,302.90,-71.50,Dowd Springs non-fold test rocks,yes
DS 31b,217,3,8/11,107.10,3.30,20.60,8.20,107.00,6.10,Dowd Springs non-fold test rocks,
DS 32b,0,0,5/10,282.00,-36.10,24.00,11.10,282.00,-36.10,Dowd Springs non-fold test rocks,
DS 33b,132,7,3/10,97.00,-14.70,19.90,39.50,95.70,-10.60,Dowd Springs non-fold test rocks,
DS 34,132,7,9/10,101.90,-5.00,10.80,23.70,101.60,-1.50,Dowd Springs non-fold test rocks,
DS 35,99,4,10/11,103.80,-7.20,8.80,31.10,103.30,-7.50,Dowd Springs non-fold test rocks,
DS 36,102,6,9/11,108.70,-23.00,9.30,31.40,106.10,-23.60,Dowd Springs non-fold test rocks,
DS 37,120,10,9/10,107.60,6.60,12.40,18.30,108.90,8.60,Dowd Springs non-fold test rocks,
DS 38,102,12,15/15,91.70,-12.70,10.70,13.70,89.30,-10.30,Dowd Springs non-fold test rocks,
DS 39,63,19,4/5,261.70,-0.20,11.50,48.33,260.80,11.50,Dowd Springs fold test rocks,
DS 40,63,19,4/5,257.80,-38.70,12.70,64.10,270.50,12.70,Dowd Springs fold test rocks,
DS 41,63,19,3/5,261.20,-19.40,8.50,139.59,266.30,8.50,Dowd Springs fold test rocks,
DS 42,221,14,3/4,271.20,-0.60,14.80,46.69,270.30,14.80,Dowd Springs fold test rocks,
DS 43,221,14,3/5,276.40,8.20,12.20,32.10,276.70,12.20,Dowd Springs fold test rocks,
DS 44,221,14,5/5,271.40,-6.80,7.90,103.90,269.40,7.90,Dowd Springs fold test rocks,
FG-AW-01,236,18,5/6,270.80,-9.30,16.50,57.00,267.00,-19.00,Flaming Gorge Section,
FG-AW-02,236,18,6/6,264.40,-10.50,9.40,51.40,260.00,-18.00,Flaming Gorge Section,
FG-AW-03,236,18,4/5,274.00,-7.60,11.80,110.20,271.00,-19.00,Flaming Gorge Section,
FG-AW-04,236,18,6/6,255.60,4.60,11.40,35.40,257.00,-1.00,Flaming Gorge Section,
FG-GA-01,232,15,5/5,264.90,-5.30,6.60,135.20,261.00,-18.00,Flaming Gorge Section,
FG-GA-02,220,20,6/6,268.40,-1.00,20.10,15.50,266.00,-16.00,Flaming Gorge Section,
FG-GA-03,229,17,5/6,266.50,-3.40,13.30,34.00,265.00,-13.00,Flaming Gorge Section,
FG-GA-04,205,17,5/6,262.20,7.80,10.40,54.70,262.00,-6.00,Flaming Gorge Section,
FG-GA-06,238,18,5/6,275.10,0.90,9.10,72.00,274.00,-10.00,Flaming Gorge Section,
FG-GA-07,237,18,6/6,271.10,-3.10,8.30,65.70,269.00,-13.00,Flaming Gorge Section,
FG-GA-08,237,18,6/6,259.10,-3.00,6.70,101.80,257.00,-10.00,Flaming Gorge Section,
FG 48,250,18,4/11,275.20,-8.20,4.40,–,271.70,-15.40,Flaming Gorge Section,
FG 49,273,18,6/10,267.70,-5.70,8.10,–,266.20,-3.80,Flaming Gorge Section,
FG 50a,254,20,7/11,295.30,-10.30,8.90,–,290.60,-23.00,Flaming Gorge Section,yes
FG 51,268,16,5/7,275.10,-3.10,3.20,–,274.00,-4.90,Flaming Gorge Section,
FG 52,268,18,5/13,279.20,-12.10,8.30,–,274.90,-15.00,Flaming Gorge Section,
FG 53,296,15,4/5,275.50,2.50,7.50,–,276.80,7.60,Flaming Gorge Section,
BC 01,29,13,8/8,270.60,5.90,6.00,101.10,267.90,8.80,Bull Canyon,
BC 02b,55,16,8/8,280.20,6.20,16.60,13.90,277.20,7.30,Bull Canyon,
BC 03,16,19,6/10,267.30,-5.90,14.40,23.40,267.00,12.10,Bull Canyon,
BC 04b,51,20,9/9,276.40,-2.20,20.50,8.00,271.80,1.20,Bull Canyon,
BC 05,51,20,7/9,274.20,10.00,14.20,22.50,272.30,8.70,Bull Canyon,
BC 06,51,20,10/10,269.00,5.10,5.80,71.90,264.90,12.10,Bull Canyon,
BC 07,49,12,9/9,279.40,2.50,8.40,44.40,277.90,5.80,Bull Canyon,
BC 08,89,17,9/14,282.90,2.30,9.20,37.70,281.80,6.20,Bull Canyon,
BC 09a,19,12,10/10,2.10,56.70,4.40,121.30,20.10,58.20,Bull Canyon,yes
BC 10b,99,2,7/13,267.10,8.20,17.90,14.50,269.00,10.50,Bull Canyon,
UMG-GA-01,112,82,7/8,289.50,21.20,15.90,24.10,271.00,0.00,Home Montain Canyon,
UMG-GA-02,116,52,7/8,284.30,34.70,14.10,19.20,261.00,12.00,Home Montain Canyon,
UMG-GA-03,113,66,5/6,287.90,31.70,18.40,18.20,262.00,8.00,Home Montain Canyon,
SP 01,306,58,9/9,105.20,22.10,6.50,63.50,96.30,-4.60,Sparks–Talamantes Creek,
SP 02a,295,62,5/7,67.80,59.20,14.30,29.70,45.40,4.10,Sparks–Talamantes Creek,yes
SP 03,313,70,5/6,92.10,30.50,11.90,42.30,87.20,-20.90,Sparks–Talamantes Creek,
SP 04,299,61,7/7,95.90,35.60,9.20,43.90,77.40,0.20,Sparks–Talamantes Creek,
SP 05,315,63,8/8,88.80,34.60,11.60,23.70,81.30,-15.80,Sparks–Talamantes Creek,
SP 06,324,66,7/7,99.90,26.00,8.60,50.70,98.60,-23.10,Sparks–Talamantes Creek,
SP 07,299,61,4/8,104.20,31.60,14.00,43.90,84.60,3.70,Sparks–Talamantes Creek,
SP 08,312,65,7/8,95.70,20.00,9.20,43.80,96.30,-21.10,Sparks–Talamantes Creek,
SP 09b,314,71,3/7,94.90,28.40,28.42,20.20,91.30,-21.70,Sparks–Talamantes Creek,
SP 10,313,56,6/8,103.10,36.30,10.20,44.50,87.30,-0.10,Sparks–Talamantes Creek,
SP 11b,301,59,6/8,101.70,21.30,15.10,20.70,92.90,-4.40,Sparks–Talamantes Creek,
SP 12,313,59,8/8,95.60,35.90,7.00,63.80,83.40,-6.90,Sparks–Talamantes Creek,