Terrane,ROCKNAME,GPMDB RESULT#,MAGIC #,COMPONENT,TESTS,TILT,SLAT,SLONG,B,N,DEC,INC,KD,ED95,PLAT,PLONG,DP,DM,A95,f (1.0 vs 0.6),INCf,PLATf,PLONf,DPf,DMf,A95f,f (1.0/0.8/0.6),INCf,PLATf,PLONf,DPf,DMf,A95f,%REV,DEMAGCODE,Q1,24,10,16,Q2,Q3,Q4,Q5,Q6,Q7,Q(7),R1,R2,R3,R4,R5,R6,R7,Rsum,Grade,Grade E+21,nominal age,age diff,lomagage,himagage,REF/method,ROCKNAME,POLE AUTHORS,YEAR,JOURNAL,VOLUME,VPAGES,TITLE,Comment,Lithology
Laurentia,Upper Freda Formation,,20259,High-temperature specularite detrital remanent magnetization (DRM),"g+ (positive intraformational conglomerate test; Swanson-Hysell, Fairchild & Slotznick, 2019b) and f+ (positive bootstrap fold test, 95-102% unfolding; this study + Henry et al., 1977)",100,47.0,271.0,90,90,281.5,-7.9,28.4,2.8,4.7,169.8,,,2.1,0.6,-13.0,2.9,168.1,1.5,2.9,2.1,0.6,-13.0,2.9,168.1,1.5,2.9,2.1,,,,,,,,,,,,,,0,1,1,Gf,1,0,1,5,B,B,1045,32,1032,1063,"- Best estimate **ca. 1045 Ma**. The Bayesian thermal-subsidence age model of
  Fuentes et al. (2025) gives 1045.0 Ma with 95% credible bounds of
  1063.2 / 1031.7 Ma (+18.2/−13.3 Ma) for the upper Freda pole. It integrates the
  U-Pb CA-ID-TIMS detrital-zircon maximum depositional age of 1051.6 ± 1.1 Ma
  from ~4 km above the Freda base (Hodgin et al., 2024) with minimum-age
  constraints from a Rb-Sr biotite age of 1049 ± 19 Ma (Cannon, 1992) and a U-Pb
  calcite date of 1049 ± 13 Ma from the Douglas Fault (Hodgin et al., 2024) that
  record the Ottawan-stage contractional inversion ending Freda deposition.
- The asymmetric upper bound (+18.2 Ma) slightly exceeds ±15 Ma, which bears on
  the R1 score below.",Upper Freda Formation,"Fuentes, A. J., Fairchild, L. M., Hodgin, E. B., Alemu, T., & Swanson-Hysell, N. L.",2025,Journal of Geophysical Research: Solid Earth,130,e2025JB031794,Termination of Laurentia's rapid plate motion at the start of the Grenvillian Orogeny,"Study inclination-corrected pole - SVEI (Tauxe et al., 2024), f = 0.73, 95% range 0.59-0.87: 3.7°N, 168.8°E, Kent ellipse zeta95 = 2.8° / eta95 = 2.4°, uncertainty propagated via Pierce et al. (2022) Monte Carlo. Nordic main and f-blocks both use the blanket sedimentary f=0.6 inclination correction.",
