Terrane,ROCKNAME,RESULT#,COMPONENT,TESTS,TILT,SLAT,SLONG,B,N,DEC,INC,abs(I),KD,ED95,PLAT,PLONG,DP,DM,A95,f,INCf,PLATf,PLONf,DPf,DMf,A95f,f,INCf,PLATf,PLONf,DPf,DMf,A95f,%REV,DEMAGCODE,40,24,10,16,Q2,Q3,Q4,Q5,Q6,Q7,Q(7),R1,R2,R3,R4,R5,R6,R7,R,Grade,nominal age,lomagage,himagage,REF/method,ROCKNAME,POLE AUTHORS,YEAR,JOURNAL,VOLUME,VPAGES,TITLE,Comment
Laurentia,Sept-Iles Layered Intrusion,GPMDB:1752,Component A,"C*+ (positive inverse baked-contact test: intrusion retains Remanence A away from the cross-cutting dykes, which carry Remanence B)",0,50.2,293.5,10,51,333.1,-29.0,29.0,33.6,8.5,-19.7,321.2,,,6.5,1.0,-29.0,-19.7,321.2,,,6.5,1.0,-29.0,-19.7,321.2,,,6.5,0,4,1,1,1,1,1,1,1,1,0,0,5,1,1,1,c,0,0,0,4,B,565,561,569,"U-Pb zircon age 565 +/- 4 Ma (weighted mean of 207Pb/206Pb dates on granophyric zircon within the layered gabbros; Higgins & van Breemen, 1998).",Sept-Iles Layered Intrusion,"Tanczyk, E. I., Lapointe, P., Morris, W. A., & Schmidt, P. W.",1987,Canadian Journal of Earth Sciences,24,1431-1438,"A paleomagnetic study of the layered mafic intrusion at Sept-Iles, Quebec","Challenge with this direction is that it overlaps with the Ordovician/Silurian APWP of Laurentia which would be the expected time of remagnetization associated with Taconic/Salinic orogeny. The steep Remanence B (dykes + baked host, pole 59S/116E) is not included in the compilation given suspicion of remagnetization. Pole calculated from site VGPs in Swanson-Hysell et al., 2026."
Laurentia,Catoctin Basalts,GPMDB:7474,"A component (steep, magnetite-carried) characteristic remanent magnetization; dual polarity","C+ (positive baked-contact test, feeder dikes/sill bake the Pedlar Granite), F+ (positive fold test), Rc (positive reversal test, class C), M (dual-polarity record)",100,38.5,281.8,6,28,66.8,83.6,83.6,60.3,8.7,42.4,306.9,,,16.5,1.0,83.6,42.4,306.9,,,16.5,1.0,83.6,42.4,306.9,,,16.5,50,4,1,1,1,1,1,1,1,1,1,1,7,1,0,1,fC,1,1,1,6,B,568,555,577,"U-Pb zircon Concordia intercept 572 +/- 5 Ma on a Catoctin feeder dike (Aleinikoff et al., 1995) and 207Pb/206Pb 564 +/- 9 Ma on an interbedded rhyolite; the mean of the two with combined bounds is taken.",Catoctin Basalts,"Meert, J. G., Van der Voo, R., & Payne, T. W.",1994,Journal of Geophysical Research,99,4625-4641,Paleomagnetism of the Catoctin volcanic province: a new Vendian-Cambrian apparent polar wander path for North America,"Pole calculated from site VGPs in Swanson-Hysell et al., 2026"
Laurentia,Callander Alkaline Complex,GPMDB:6458,"ChRM A component (magnetite + hematite), geographic coordinates",C+ (positive baked-contact test: Cambrian lamprophyre dike site 19 bakes Grenville gneiss site 29); R- (negative reversal test; 3 of 26 sites reversed),0,46.2,280.6,26,205,82.2,82.7,82.7,83.2,3.1,46.5,300.8,,,5.8,1.0,82.7,46.5,300.8,,,5.8,1.0,82.7,46.5,300.8,,,5.8,12,4,1,1,1,1,1,1,1,0,1,1,6,0,1,1,C,1,0,1,5,B,575,570,580,Age of magnetization constrained only qualitatively; K-Ar and Pb-Pb ages of ~550-588 Ma led Symons & Chiasson (1991) to adopt an assumed age of 575 +/- 5 Ma. No precise published U-Pb date on the sampled units.,Callander Alkaline Complex,"Symons, D. T. A., & Chiasson, A. D.",1991,Canadian Journal of Earth Sciences,28,355-363,Paleomagnetism of the Callander Complex and the Cambrian apparent polar wander path for North America,"Pole calculated from site VGPs in Swanson-Hysell et al., 2026"
Laurentia,Baie des Moutons complex A,GPMDB:9364,ChRM A characteristic remanent magnetization (geographic coordinates),baked-contact tests inconclusive (no stable remanence in host syenite),0,50.84,301.04,8,55,98.6,78.0,78.0,71.8,6.6,42.9,331.9,,,11.5,1.0,78.0,42.9,331.9,,,11.5,1.0,78.0,42.9,331.9,,,11.5,0,4,1,1,1,1,1,1,0,0,0,1,4,1,1,1,0,1,0,1,5,B,583,581,585,"Weighted-mean hornblende 40Ar-39Ar plateau age of 583.4 +/- 2.0 Ma (McCausland et al., 2011)",Baie des Moutons complex A,"McCausland, P. J. A., Hankard, F., Van der Voo, R., & Hall, C. M.",2011,Precambrian Research,187,58-78,"Ediacaran paleogeography of Laurentia: Paleomagnetism and 40Ar-39Ar geochronology of the 583 Ma Baie des Moutons syenite, Quebec","Pole calculated from site VGPs in Swanson-Hysell et al., 2026"
Laurentia,Baie des Moutons complex B,GPMDB:9365,ChRM B characteristic remanent magnetization (geographic coordinates),baked-contact tests inconclusive (no stable remanence in host syenite),0,50.84,301.04,6,44,163.1,6.0,6.0,10.5,21.7,-33.9,321.9,,,15.7,1.0,6.0,-33.9,321.9,,,15.7,1.0,6.0,-33.9,321.9,,,15.7,20,4,1,1,1,0,0,1,0,0,1,0,3,1,0,1,0,1,0,0,3,B,583,581,585,"The host complex has a weighted-mean hornblende 40Ar-39Ar plateau age of 583.4 +/- 2.0 Ma (McCausland et al., 2011).",Baie des Moutons complex B,"McCausland, P. J. A., Hankard, F., Van der Voo, R., & Hall, C. M.",2011,Precambrian Research,187,58-78,"Ediacaran paleogeography of Laurentia: Paleomagnetism and 40Ar-39Ar geochronology of the 583 Ma Baie des Moutons syenite, Quebec","Like the younger Sept-Iles pole the pole overlaps with the late Paleozoic path which is when overprinting could be expected due to orogenesis on the margin. Pole calculated from site VGPs in Swanson-Hysell et al., 2026."
Laurentia,Long Range Dykes,GPMDB:6934-6936,"Characteristic remanent magnetization; three-dyke mean (dykes 2, 4, 6), geographic coordinates","C+ (positive baked-contact test on dyke 2; Murthy et al., 1992)",0,53.7,303.3,3,69,124.8,55.5,55.5,48.0,18.0,-12.4,165.4,,,20.8,1.0,55.5,-12.4,165.4,,,20.8,1.0,55.5,-12.4,165.4,,,20.8,0,4,1,1,1,1,1,1,1,1,1,1,7,1,0,1,C,1,0,1,5,B,615,613,617,"- **615 ± 2 Ma** U-Pb (zircon + baddeleyite) on the longest dyke of the swarm (Kamo et al., 1989).
- **Kamo & Gower (1994)** — ""U-Pb baddeleyite dating clarifies age of characteristic paleomagnetic remanence of Long Range dykes"" — obtained a 615 +6/-4 Ma  Ma baddeleyite age on dyke 4 of Murthy et al. (1992) providing age constraints on the remanence carried by dykes 2, 4, 6 that are used for the pole.",Long Range Dykes,"Murthy, G. S., Gower, C., Tubrett, M., & Patzold, R.",1992,Canadian Journal of Earth Sciences,29,1224-1234,"Paleomagnetism of Eocambrian Long Range dykes and Double Mer Formation from Labrador, Canada","Updated to Murthy et al. (1992) three primary-remanence dykes (2, 4, 6);  Replaces the prior compilation value (19N/355.3E), which followed the Hodych et al. (2004) 8-site recalculation (omit dyke 5, combine same-segment sites; D=110.3/I=56.8 converted to a pole) and is not reproducible from the published dyke means. Pole calculated from site VGPs in Swanson-Hysell et al., 2026."
Laurentia,Franklin event grand mean,new,Characteristic remanent magnetization (magnetite); mixed polarity; grand mean of 56 previous-study Canadian site VGPs,"C+ (positive baked-contact test; Denyszyn et al., 2009)",0,73.0,275.4,56,56,114.3,0.4,0.4,19.6,4.4,6.7,162.1,,,3.0,1.0,0.4,6.7,162.1,,,3.0,1.0,0.4,6.7,162.1,,,3.0,50,4,1,1,1,1,1,1,1,1,1,0,6,1,1,1,C,1,1,1,7,A,719,718,720,"Six zircon 206Pb/238U dates 718.61 +/- 0.30 to 719.86 +/- 0.21 Ma record rapid emplacement of the Franklin LIP (Pu et al., 2022), superseding earlier baddeleyite dates.",Franklin event grand mean,"Denyszyn, S. W., Halls, H. C., Davis, D. W., & Evans, D. A. D.",2009,Canadian Journal of Earth Sciences,46,689-705,Paleomagnetism and U-Pb geochronology of Franklin dykes in High Arctic Canada and Greenland,"Reproduces ""D+09can"" pole as mean of VGPs of Canadian Franklin studies (28 normal + 28 reverse sites; Fahrig 1971, Fahrig+Schwarz 1973, Park 1974/1981, Palmer+Hayatsu 1975, Christie+Fahrig 1983, Palmer et al. 1983)"
Laurentia,Chuar Group (combined),,"High-temperature characteristic remanent magnetization (hematite), dual polarity; combined Carbon Canyon + Carbon Butte + Awatubi members (37 readings); detrital sediments","F+ (positive fold test, 66-109% unfolding) and R+ (positive reversal test within the coeval Carbon Butte-Awatubi members, Watson V 7.4<7.6, MM1990 class C; the full combined-set reversal test is confounded by inter-member APW) (Weil et al., 2004; Eyster et al., 2020)",100,36.23,248.13,37,154,272.7,16.5,16.5,19.4,5.5,7.5,163.6,,,4.2,0.6,26.3,10.3,167.9,3.2,5.9,4.4,0.6,26.3,10.3,167.9,3.2,5.9,4.4,50,4,,,,,,,,,,,,1,1,1,f,1,1,0,6,A,755,748,761,"Member ages from the Dehler et al. (2023) U-Pb / Re-Os age model (Carbon Canyon 761.1 Ma; Carbon Butte-Awatubi 750.5 Ma); Re-Os 751.0 +/- 7.6 Ma on the Walcott Member (Rooney et al., 2017).",Chuar Group (combined),"Weil, A. B., Geissman, J. W., & Van der Voo, R.; Eyster, A., et al. (combined three-member pole)",2020,Precambrian Research; GSA Bulletin,129; 132,71-92; 710-738,"Paleomagnetism of the Neoproterozoic Chuar Group, Grand Canyon (Weil et al., 2004; Eyster et al., 2020)","New combined Chuar Group pole, Fisher mean of 37 individual tilt-corrected site VGPs: Carbon Butte-Awatubi (N=23) + Carbon Canyon (N=14). The 17 Eyster HT Carbon Butte-Awatubi readings are reconstructed from Supplemental Table S2 (GSA DR 2019239): linear shallow-HT fits with MAD<15 deg, one per sample (great-circle fits excluded as Eyster uses them only in locality means). This reproduces Eyster N=17 pole 12.5/161.6. Plus 6 Weil (2004) Carbon Butte + 14 Weil Carbon Canyon site VGPs."
Laurentia,Uinta Mountain Group,GPMDB:9290,"Hematite-carried characteristic remanent magnetization (west-normal / east-reverse), shallow; detrital/early-diagenetic",,100,40.8,250.7,74,496,271.3,2.5,2.5,33.4,2.9,1.9,160.6,,,2.1,0.6,4.2,2.4,161.4,1.5,2.9,2.1,0.6,4.2,2.4,161.4,1.5,2.9,2.1,50,4,1,1,1,1,1,1,0,1,1,0,5,1,1,1,0,1,0,0,4,B,759,743,767,"Old (maximum) age bound 766.3 +/- 0.5 Ma: CA-ID-TIMS detrital-zircon U-Pb places the entire Uinta Mountain Group younger than 766 Ma (MDA 766.3 +/- 0.5 Ma, Dehler et al., 2023). Young (minimum) age bound ~730 Ma: correlation of the upper UMG (Red Pine Formation) with the upper Chuar Group via shared vase-shaped microfossils. Age range 730-766 Ma within the late-Tonian ChUMP (Chuar-Uinta Mountains-Pahrump) rift correlation.",Uinta Mountain Group,"Weil, A. B., Geissman, J. W., & Ashby, J. M.",2006,Precambrian Research,147,234-259,"A new paleomagnetic pole for the Neoproterozoic Uinta Mountain supergroup, Central Rocky Mountain States, USA","Recalculated pole of the 74 ChRM site VGPs documented in Swanson-Hysell et al., 2026."
Laurentia,Gunbarrel LIP,MagIC:20603,Component HTC,"C (two positive baked-contact tests: Christmas Lake dike J20B24, Calder sheet R10HL8; Ding et al., 2025)",100,45.03,-109.88,14,92,276.3,-3.7,3.7,13.7,11.1,3.2,151.5,,,8.0,1.0,-3.7,3.2,151.5,,,8.0,1.0,-3.7,3.2,151.5,,,8.0,,,,,,,,,,,,,,1,1,1,C,1,0,1,6,A,780,776,782,"Multiple U-Pb ID-TIMS baddeleyite ages: 779.5 ± 3 Ma (BT-8), 779.6 ± 1.4 Ma (Gunbarrel sill), 779.5 ± 1.8 Ma (Calder sheet); all from Harlan et al. (2003).",Gunbarrel LIP,"Ding, J., Evans, D. A. D., Kilian, T., Mitchell, R. N., Gong, Z., Chamberlain, K., Bleeker, W., & Zhang, S.",2025,Journal of Geophysical Research: Solid Earth,130,,Local rotations biasing supercontinental configurations: Revisiting a key ca. 780 Ma paleomagnetic pole for Laurentia and Rodinia,"Pole calculated from VGPs as in Ding et al. 2025 (reproduced in Swanson-Hysell et al., 2026)."
Laurentia,Adirondack metamorphic anorthosite,MagIC:20549,Magnetite-carried granulite-cooling remanence,"c+ (positive inverse baked contact test: GD1 dike bakes MA11 anorthosite host; Zhang et al., 2026; MagIC 20549); reversal test marginal failure (γ_o = 4.88°, γ_c = 4.68°) per Brown and McEnroe (2012)",0,44.2,-73.9,14,68,288.6,-68.3,68.3,22.5,8.6,-25.2,143.4,,,12.9,1.0,-68.3,-25.2,143.4,,,12.9,1.0,-68.3,-25.2,143.4,,,12.9,,,,,,,,,,,,,,0,1,1,c,1,0,1,5,B,887,864,910,"Zhang et al. (2026, *Tectonics*) develop new U-Pb petrochronology and thermochronology datasets from zircon, garnet, titanite, rutile, and apatite from the Adirondack Highlands. Probabilistic thermal history inversion of these data shows that the Adirondack Highlands cooled slowly throughout the Tonian, with the magnetite-carried remanence in the Marcy Massif anorthosite acquired ca. **887 ± 23 Ma** — about 85 Myr later than the ca. 970 Ma cooling-curve estimate of Brown and McEnroe (2012). Zhang et al. additionally report a positive inverse baked-contact test in which an unmetamorphosed mafic dike (site GD1) bakes its anorthosite host (site MA11); because such dikes intrude Proterozoic but not Paleozoic rocks in the region (Fisher, 1977) and are correlated with Ediacaran dikes dated elsewhere in the Grenville Province (Kamo et al., 1995; Halls et al., 2015), the test demonstrates that the anorthosite magnetite remanence is Proterozoic in age. This revised age fills a critical gap in the Laurentia apparent polar wander path between the ca. 990 Ma Jacobsville Formation pole and the ca. 780 Ma Gunbarrel pole, with implications for the position of Rodinia in the early to mid-Tonian.",Adirondack metamorphic anorthosite,"Brown, L. L., & McEnroe, S. A.",2012,Precambrian Research,212-213,57-74,"Paleomagnetism and magnetic mineralogy of Grenville metamorphic and igneous rocks, Adirondack Highlands, USA",Pole calculated from VGPs as documented in Zhang et al. 2026 and Swanson-Hysell et al. 2026.
Laurentia-Scotland,Torridon Group,NEW,"sample-weighted mean of (Irving+Runcorn 57, Stewart+Irving 74, Smith+83, Torsvik+Sturt 87, Potts 90, Williams+Schmidt 97, Borradaile+Geneviciene 08)",many,100,57.9,354.3,,880,119.6,56.7,56.7,1000.0,0.1,-17.7,220.9,,,7.1,1.0,56.7,-17.7,220.9,,,7.1,1.0,56.7,-17.7,220.9,,,7.1,MIXED,4,0,1,1,1,1,1,1,1,1,0,5,0,1,1,f,0,0,1,4,B,925,780,1070,"The Torridon Group is poorly dated directly. Its youngest detrital zircon populations indicate deposition younger than ca. 1050 Ma (as summarized by Krabbendam et al., 2022), while the absence of Cryogenian glacial deposits indicates it is older than ca. 720 Ma. The pole is assigned **ca. 925 Ma (780-1070 Ma)**; in terms of apparent-polar-wander comparison it is quite similar to the ca. 990 Ma Jacobsville pole.",Torridon Group,"Lulea Working Group mean (Evans et al., 2021 compilation)",2009,,,,MEAN Torridon Group (Lulea Working Group grand mean),Sample-weighted grand mean of seven Torridon Group studies (Irving & Runcorn 1957; Stewart & Irving 1974; Smith et al. 1983; Torsvik & Sturt 1987; Potts 1990; Williams & Schmidt 1997; Borradaile & Geneviciene 2008); mixed polarity pole taken from the Evans et al. (2021) Laurentia compilation..
Laurentia,Jacobsville Formation,MagIC:19780,High-temperature detrital hematite remanent magnetization (DRM),"g+ (positive intraformational conglomerate tests, Agate Falls & Dover Creek) and f+ (positive bootstrap fold test, Snake Creek); reversal test fails (Zhang et al., 2024)",100,47.3,-88.2,308,308,256.9,-13.3,13.3,6.9,3.3,-14.2,186.2,,,2.7,0.6,-21.5,-17.0,183.7,1.8,3.5,2.5,0.6,-21.5,-17.0,183.7,1.8,3.5,2.5,,,,,,,,,,,,,,1,1,1,Gf,1,0,1,6,A,990,980,1000,"Maximum depositional age from CA-ID-TIMS detrital zircon 1003.21 ± 2.23 and 992.51 ± 0.64 Ma; minimum age from Rigolet-phase deformation and U-Pb calcite (Hodgin et al., 2022). Best estimate ca. 990 Ma.",Jacobsville Formation,"Zhang, Y., Hodgin, E. B., Alemu, T., Pierce, J., Fuentes, A., & Swanson-Hysell, N. L.",2024,Tectonics,43,e2023TC007866,Tracking Rodinia into the Neoproterozoic: new paleomagnetic constraints from the Jacobsville Formation,"Study inclination-corrected pole - E/I (Tauxe & Kent, 2004), f = 0.64: 16.8°S, 183.8°E, Kent ellipse zeta95 = 4.1° / eta95 = 3.1°, uncertainty propagated via Pierce et al. (2022) Monte Carlo. Nordic main and f-blocks both use the blanket sedimentary f=0.6 inclination correction."
Laurentia,Upper Freda Formation,MagIC:20259,High-temperature specularite detrital remanent magnetization (DRM),"g+ (positive intraformational conglomerate test; Swanson-Hysell, Fairchild & Slotznick, 2019b) and f+ (positive bootstrap fold test, 95-102% unfolding; this study + Henry et al., 1977)",100,47.0,271.0,90,90,281.5,-7.9,7.9,28.4,2.8,4.7,169.8,,,2.1,0.6,-13.0,2.9,168.1,1.5,2.9,2.1,0.6,-13.0,2.9,168.1,1.5,2.9,2.1,,,,,,,,,,,,,,0,1,1,Gf,1,0,1,5,B,1045,1032,1063,"- Best estimate **ca. 1045 Ma**. The Bayesian thermal-subsidence age model of
  Fuentes et al. (2025) gives 1045.0 Ma with 95% credible bounds of
  1063.2 / 1031.7 Ma (+18.2/−13.3 Ma) for the upper Freda pole. It integrates the
  U-Pb CA-ID-TIMS detrital-zircon maximum depositional age of 1051.6 ± 1.1 Ma
  from ~4 km above the Freda base (Hodgin et al., 2024) with minimum-age
  constraints from a Rb-Sr biotite age of 1049 ± 19 Ma (Cannon, 1992) and a U-Pb
  calcite date of 1049 ± 13 Ma from the Douglas Fault (Hodgin et al., 2024) that
  record the Ottawan-stage contractional inversion ending Freda deposition.
- The asymmetric upper bound (+18.2 Ma) slightly exceeds ±15 Ma, which bears on
  the R1 score below.",Upper Freda Formation,"Fuentes, A. J., Fairchild, L. M., Hodgin, E. B., Alemu, T., & Swanson-Hysell, N. L.",2025,Journal of Geophysical Research: Solid Earth,130,e2025JB031794,Termination of Laurentia's rapid plate motion at the start of the Grenvillian Orogeny,"Study inclination-corrected pole - SVEI (Tauxe et al., 2024), f = 0.73, 95% range 0.59-0.87: 3.7°N, 168.8°E, Kent ellipse zeta95 = 2.8° / eta95 = 2.4°, uncertainty propagated via Pierce et al. (2022) Monte Carlo. Nordic main and f-blocks both use the blanket sedimentary f=0.6 inclination correction."
Laurentia,Lower Freda Formation,GPMDB:2051 MagIC:16450,High-temperature specularite detrital remanent magnetization (DRM); a younger pigmentary-hematite CRM is excluded,"f+ (positive regional bootstrap fold test on the combined Freda directions, 95-102% unfolding; Fuentes et al., 2025); pre-tilting acquisition predates Grenvillian inversion (Douglas Fault calcite 1049 +/- 13 Ma, Hodgin et al., 2024)",100,46.8,270.4,85,85,271.3,0.7,0.7,30.7,2.8,1.2,179.7,,,2.4,0.6,1.2,1.3,179.8,1.4,2.8,2.0,0.6,1.2,1.3,179.8,1.4,2.8,2.0,0,3,,,,,,,,,,,,0,1,1,f,0,0,1,4,B,1075,1063,1085,"Bayesian thermal-subsidence age model 1075.2 Ma (95% CI 1084.8/1063.3) (Fuentes et al., 2025), bracketed by the underlying Nonesuch Formation (ca. 1077 Ma) and the upper Freda detrital-zircon MDA 1051.6 +/- 1.1 Ma (Hodgin et al., 2024).",Lower Freda Formation,"Henry, S. G., Mauk, F. J., & Van der Voo, R.",1977,Canadian Journal of Earth Sciences,14,1128-1138,Paleomagnetism of the upper Keweenawan sediments: Nonesuch Shale and Freda Sandstone,"Study inclination-corrected pole - SVEI (Tauxe et al., 2024), f = 0.60, 95% range 0.59-0.87: 1.3°N, 179.8°E, A95 = 2.7°, uncertainty propagated via Pierce et al. (2022) Monte Carlo. Lower Freda DRM pole from the Presque Isle River exposures (n=85 specularite specimens; Henry et al., 1977, specimen data in the Henry 1976 thesis; MagIC 16450). At the near-equatorial paleolatitude the inclination correction is negligible: Fuentes et al. (2025) report the SVEI pole at 1.3N/179.8E (A95 2.6). Nordic main/f-blocks use the blanket sedimentary f=0.6."
Laurentia,Nonesuch Shale,GPMDB:2053 MagIC:20614,Detrital remanent magnetization (DRM): combined detrital hematite + detrital magnetite,"G+ (positive intraformational conglomerate test on the conformably overlying Freda Formation which is the same lithology as the fluvial redbed units within the Nonesuch that contribute to the pole; Swanson-Hysell, Fairchild & Slotznick, 2019b)",100,46.5,269.5,182,182,272.1,6.7,6.7,28.9,2.0,3.9,180.4,,,1.7,0.6,11.1,5.5,181.9,1.0,2.0,1.4,0.6,11.1,5.5,181.9,1.0,2.0,1.4,100,2,1,1,1,1,1,1,0,1,0,0,4,1,1,1,G,1,0,1,6,A,1077,1066,1086,"Bayesian thermal-subsidence age model 1077.3 Ma (95% CI 1085.5/1066.3) (Fuentes et al., 2025), integrating the Lake Shore Traps U-Pb andesite 1085.57 ± 0.25 Ma (Fairchild et al., 2017), Nonesuch Re-Os 1078 ± 24 Ma (Cumming et al., 2013), and upper Freda detrital-zircon MDA 1051.6 ± 1.1 Ma (Hodgin et al., 2024).",Nonesuch Shale,"Slotznick, S. P., Swanson-Hysell, N. L., Zhang, Y., Clayton, K. E., Wellman, C. H., Tosca, N. J., & Strother, P. K.",2024,GSA Bulletin,136,2842-2864,Reconstructing the paleoenvironment of an oxygenated Mesoproterozoic shoreline and its record of life,"Study inclination-corrected pole - E/I (Tauxe & Kent, 2004), f = 0.43, 95% range 0.38-0.62: 6.6°N, 182.9°E, Kent ellipse zeta95 = 2.8° / eta95 = 2.0°, uncertainty propagated via Pierce et al. (2022) Monte Carlo. Nonesuch DRM pole from the Potato River Falls section (n=105 detrital hematite + n=77 detrital magnetite, MagIC 20614). Distinct pigmentary-hematite CRM pole is separate. Nordic main/f-blocks use the blanket sedimentary f=0.6; the study E/I correction is recorded here."
Laurentia,Cardenas Basalts,MagIC:20009,,,100,36.28,248.11,18,141,268.5,46.4,46.4,20.2,7.9,15.9,183.9,,,7.4,1.0,46.4,15.9,183.9,,,7.4,1.0,46.4,15.9,183.9,,,7.4,,,,,,,,,,,,,,1,1,1,,1,0,1,5,A,1082,1081,1083,"- Cardenas Basalt lava flow CB3 (Nankoweap Canyon): 1082.18 ± 1.25 Ma (CA-ID-TIMS U-Pb zircon; Mohr et al., 2024)",Cardenas Basalts,"Zhang, Y., Anderson, N. S., Mohr, M. T., Nelson, L. L., Macdonald, F. A., Schmitz, M. D., Thurston, O. G., Guenthner, W. R., Karlstrom, K. E., & Swanson-Hysell, N. L.",2024,Journal of Geophysical Research: Solid Earth,129,,Paleomagnetic records from pulsed magmatism in the southwestern Laurentia large igneous province and Cardenas Basalt support rapid late Mesoproterozoic plate motion,"Pole as reported in Zhang et al. 2024 and reproduced in Swanson-Hysell et al., 2026."
Laurentia,Michipicoten Island Formation,GPMDB:9916 MagIC:19680,Characteristic remanent magnetization (ChRM),,100,47.72,-85.95,23,194,288.3,12.2,12.2,29.7,5.7,17.1,174.8,,,4.4,1.0,12.2,17.1,174.8,,,4.4,1.0,12.2,17.1,174.8,,,4.4,0,4,1,1,1,1,1,1,0,1,0,0,4,1,1,1,0,1,0,1,5,A,1084,1084,1084,"All VGPs between U-Pb zircon dates of 1084.35 ± 0.20 Ma and 1083.52 ± 0.23 Ma (Fairchild et al., 2017).",Michipicoten Island Formation,"Fairchild, L. M., Swanson-Hysell, N. L., Ramezani, J., Sprain, C. J., & Bowring, S. A.",2017,Lithosphere,9,117-133,The end of Midcontinent Rift magmatism and the paleogeography of Laurentia,"Pole as reported in Fairchild et al. (2017) date-bracketed pole: 21 South Shore Member sites (HT, tilt-corrected) + 2 Palmer & Davis (1987) cooling-unit means (Quebec Harbour, Davieaux); N=23. Reproduced in Swanson-Hysell et al. 2026."
Laurentia,Lake Shore Traps,GPMDB:9506 MagIC:20696,Characteristic remanent magnetization (ChRM),"g+ (Keweenawan conglomerate test = MagIC ST-G, Palmer, Halls & Pesonen 1981); fold test uninformative (bedding too uniform between units)",100,47.43,-87.71,50,366,283.7,33.7,33.7,24.5,4.2,23.1,185.7,,,3.3,1.0,33.7,23.1,185.7,,,3.3,1.0,33.7,23.1,185.7,,,3.3,0,4,1,1,1,1,1,1,1,1,0,1,6,1,1,1,g,1,0,1,6,A,1086,1084,1087,"U-Pb 206Pb/238U CA-ID-TIMS weighted-mean date of 1085.57 ± 0.5 Ma on an andesitic flow within the Lake Shore Traps (Fairchild et al., 2017).",Lake Shore Traps,"Diehl, J. F., Haig, T. D., Kulakov, E. V., & Smirnov, A. V.",2013,Canadian Journal of Earth Sciences,50,1085-1096,"Paleomagnetism of ~1.09 Ga Lake Shore Traps (Keweenaw Peninsula, Michigan): new results and implications","Pole recreated from the site level combining Diehl & Haig (1994) and Kulakov et al. (2013); duplicated flow LST28 counted once (N=50); documented in Swanson-Hysell et al., 2026."
Laurentia,Schroeder Lutsen Basalts,GPMDB:9915 MagIC:19680,"Characteristic remanent magnetization (ChRM); magnetite component, tilt-corrected",,100,47.54,-90.9,50,378,282.8,42.4,42.4,39.6,3.2,27.1,187.8,,,3.0,1.0,42.4,27.1,187.8,,,3.0,1.0,42.4,27.1,187.8,,,3.0,0,4,1,1,1,1,1,1,0,1,0,1,5,1,1,1,0,1,0,1,5,A,1090,1084,1092,"Not directly dated; younger than the 1091.61 ± 0.14 Ma Beaver Bay Complex (Silver Bay) aplite dike (maximum age) and likely older than the 1083.52 ± 0.23 Ma youngest rift volcanism (Fairchild et al., 2017).",Schroeder Lutsen Basalts,"Fairchild, L. M., Swanson-Hysell, N. L., Ramezani, J., Sprain, C. J., & Bowring, S. A.",2017,Lithosphere,9,117-133,The end of Midcontinent Rift magmatism and the paleogeography of Laurentia,"Reproduces the Fairchild et al. (2017) pole: 40 Two Island River flows (mag component, tilt-corrected) + 10 Tauxe & Kodama (2009) flows; N=50. Books (1972) Schroeder sites excluded (paper selection). VGPs non-Fisherian (two clusters). Enhances MagIC 19680."
Laurentia,Portage Lake Volcanics,GPMDB:9507,Characteristic remanent magnetization (magnetite); single normal polarity,"G*+ (positive intraformational conglomerate test on interflow conglomerates) and F+ (positive fold/curvature test across the Keweenaw homocline; Books, 1972)",100,47.29,271.59,80,487,288.5,36.0,36.0,38.5,2.6,27.1,183.0,,,2.4,1.0,36.0,27.1,183.0,,,2.4,1.0,36.0,27.1,183.0,,,2.4,0,4,1,1,1,1,1,1,1,1,0,1,6,1,1,1,Gf,1,0,1,6,A,1092,1092,1093,"U-Pb 206Pb/238U dates on the Copper City Flow (1093.37 +/- 0.53 Ma) and Greenstone Flow (1091.59 +/- 0.27 Ma) bracket the sampled section (Swanson-Hysell et al., 2019).",Portage Lake Volcanics,"Books, K. G.; Hnat, J. S. et al.; compiled by Swanson-Hysell, N. L., Ramezani, J., Fairchild, L. M., & Rose, I. R.",2019,GSA Bulletin,131,913-940,"Failed rifting and fast drifting: Midcontinent Rift development, Laurentia rapid motion and the driver of Grenvillian orogenesis","Site-level Portage Lake Volcanics pole reproducing Swanson-Hysell et al. (2019), updating GPMDB 9507. Combines individual flow VGPs of Books (1972) and Hnat et al. (2006) with single combined VGPs for the thick Kearsarge, Greenstone (also Foucher et al., 2018), Scales Creek, and Ashbed cooling units so no flow is over-weighted (one VGP per cooling unit). This corrects Swanson-Hysell et al. (2019), whose published N=78 pole (27.5N/182.5E) inadvertently omitted Books (1972) flows PL157 and PL154 owing to a string-concatenation typo in the published code; Swanson-Hysell et al., 2026 is now is the version of record."
Laurentia,Uppermost Mamainse Point volcanics -N,GPMDB:9513 MagIC:16333,Characteristic remanent magnetization (magnetite),"G+ (conglomerate test) and R+ (positive reversal test vs. Flour Bay reversed zone; Swanson-Hysell et al., 2009)",100,47.06,275.25,34,198,293.4,37.0,37.0,60.6,3.2,31.2,183.2,,,2.5,1.0,37.0,31.2,183.2,,,2.5,1.0,37.0,31.2,183.2,,,2.5,0,4,1,1,1,1,1,1,1,1,1,1,7,1,1,1,G,1,1,1,7,A,1094,1090,1100,"ca. 1094 Ma (1090-1100), Portage Lake normal-polarity zone above the Great Conglomerate (Swanson-Hysell et al., 2019).",Uppermost Mamainse Point volcanics -N,"Swanson-Hysell, N. L., Maloof, A. C., Weiss, B. P., Evans, D. A. D.; Burgess, S. D., Bowring, S. A.",2014,Geology / Nature Geoscience,42,475-478,Magmatic activity and plate motion during the latent stage of Midcontinent Rift development,"Mamainse Point > 2400 m (above the Great Conglomerate). Mean of VGPs as in Swanson-Hysell, 2014 reproduced in Swanson-Hysell et al., 2026."
Laurentia,North Shore Volcanic Group -N (combined),GPMDB:9856,Characteristic remanent magnetization (magnetite or hematite); single normal polarity,Ro,100,46.3,268.7,118,614,294.8,43.3,43.3,47.4,1.9,35.1,180.1,,,1.9,1.0,43.3,35.1,180.1,,,1.9,1.0,43.3,35.1,180.1,,,1.9,0,4,1,1,1,1,1,1,0,1,1,1,6,1,1,1,0,1,0,1,5,A,1095,1092,1098,"Upper SW sequence bracketed by U-Pb 206Pb/238U dates on the 40th Ave. Icelandite (1096.75 +/- 0.28 Ma, lower bound), Two Harbors Icelandite (1096.18 +/- 0.32 Ma, within sequence) and Palisade Rhyolite (1093.94 +/- 0.28 Ma, upper bound); upper NE sequence near the 1093.38 +/- 0.55 Ma Grand Marais Rhyolite and younger than the 1097.7 +/- 2.2 Ma Devils Kettle Rhyolite (Swanson-Hysell et al., 2019; Davis and Green, 1997).",North Shore Volcanic Group -N (combined),"Swanson-Hysell, N. L., Ramezani, J., Fairchild, L. M., & Rose, I. R. (with Tauxe & Kodama, 2009 and Books, 1972)",2019,GSA Bulletin,131,913-940,"Failed rifting and fast drifting: Midcontinent Rift development, Laurentia rapid motion and the driver of Grenvillian orogenesis","Single combined normal-polarity NSVG pole calculated from all normal-polarity upper-sequence flows (upper SW + upper NE) of Tauxe & Kodama (2009), Books (1972), and the Gooseberry River section of Swanson-Hysell et al. (2019); Documented in Swanson-Hysell et al. 2026."
Laurentia,Chengwatana Volcanics,GPMDB:8163,Characteristic remanent magnetization (magnetite; minor hematite); dual polarity (sites 1-2 record a short reversal),R (reversal/dual polarity; sites 1 and 2 reversed),0,45.37,267.35,8,60,287.7,44.3,44.3,54.6,7.6,30.7,185.3,,,7.5,1.0,44.3,30.7,185.3,,,7.5,1.0,44.3,30.7,185.3,,,7.5,25,4,1,1,1,1,1,1,0,1,1,1,6,1,1,1,0,1,1,1,6,B,1096,1093,1099,"U-Pb 207Pb/206Pb age 1094.6 +/- 2.1 Ma on an aphyric rhyolite of the Chengwatana Volcanics (Zartman et al., 1997).",Chengwatana Volcanics,"Kean, W. F., Williams, I., & Feeney, J.",1997,Geophysical Research Letters,24,1523-1526,"Magnetism of the Keweenawan age Chengwatana lava flows, northwest Wisconsin","Pole calculated from 8 site-mean VGPs as documented in Swanson-Hysell et al. 2026; note that the definition of a site in Kean et al., may not correspond to an individual cooling unit which may help explain the low within site precision."
Laurentia,Central Arizona diabases,,,"C (positive baked-contact test on sill ED; Donadini et al., 2011)",,33.8,249.53,20,141,287.6,47.4,47.4,15.7,8.5,30.6,177.4,,,8.9,1.0,47.4,30.6,177.4,,,8.9,1.0,47.4,30.6,177.4,,,8.9,,,,,,,,,,,,,,1,1,1,C,1,0,1,6,A,1098,1082,1110,"Central Arizona date of 1097.97 ± 0.12 (0.32) [1.14] Ma from Mohr et al. 2024 likely corresponds to bulk of magmatic activity. However, there is older and younger late Mesoproterozoic magmatic activity as revealed from reversed polarity sills and younger dates in northern Arizona from Mohr et al. 2024. *Previous Nordic compilation relied on 1088 ± 11 Ma U-Pb date (sill ED) from Donadini abstract 2012 with personal communication with Ryan Bright*",Central Arizona diabases,"Harlan, S. S., Donadini, F., Pesonen, L. J., Korhonen, K., Deutsch, A.","1993, 2011",Canadian Journal of Earth Sciences; Geophysica,30; 47,1415–1426;3-30,Paleomagnetism of Middle Proterozoic diabase sheets from central Arizona;Paleomagnetism and paleointensity of the 1.1 Ga old diabase sheets from central Arizona,Calculated from site VGPs in Swanson-Hysell et al. 2026 following Zhang et al. 2024 grouping of sill sites; Non-Fisherian streak of directions along the Keweenawan Track.
Laurentia,"Mamainse Point volcanics -C (lower N, upper R)",GPMDB:9512 MagIC:16333,Characteristic remanent magnetization (magnetite),"G+ (conglomerate test); dual polarity recording the Flour Bay reversal (Ro; Swanson-Hysell et al., 2009)",100,47.07,275.26,24,125,293.8,46.4,46.4,46.4,4.4,36.1,189.7,,,4.9,1.0,46.4,36.1,189.7,,,4.9,1.0,46.4,36.1,189.7,,,4.9,42,4,1,1,1,1,1,1,1,1,1,1,7,1,1,1,G,1,1,1,7,A,1100,1100,1101,"U-Pb 206Pb/238U date of 1100.36 +/- 0.25 Ma on a tuff in the Flour Bay reversed zone below the Great Conglomerate (Swanson-Hysell et al., 2014a).","Mamainse Point volcanics -C (lower N, upper R)","Swanson-Hysell, N. L., Maloof, A. C., Weiss, B. P., Evans, D. A. D.; Burgess, S. D., Bowring, S. A.",2014,Geology / Nature Geoscience,42,475-478,Magmatic activity and plate motion during the latent stage of Midcontinent Rift development,"Mamainse Point Flour Bay normal (1350-1810 m) + reversed (1860-2100 m) zones combined. Mean of VGPs as in Swanson-Hysell, 2014 reproduced in Swanson-Hysell et al., 2026."
Laurentia,Lower Mamainse Point volcanics -R2,GPMDB:9511 MagIC:16333,Characteristic remanent magnetization (magnetite),"G+ (conglomerate test) and R+ (positive reversal test vs. Flour Bay normal zone; Swanson-Hysell et al., 2009)",100,47.09,275.27,14,57,286.0,57.7,57.7,107.2,3.9,37.5,205.2,,,4.5,1.0,57.7,37.5,205.2,,,4.5,1.0,57.7,37.5,205.2,,,4.5,100,4,1,1,1,1,1,1,1,1,1,1,7,1,1,1,G,1,1,1,7,A,1105,1100,1109,"ca. 1105 Ma (1100.4-1109), younger Alona Bay reversed zone, below the 1100.36 Ma Flour Bay tuff date.",Lower Mamainse Point volcanics -R2,"Swanson-Hysell, N. L., Maloof, A. C., Weiss, B. P., Evans, D. A. D.; Burgess, S. D., Bowring, S. A.",2014,Geology / Nature Geoscience,42,475-478,Magmatic activity and plate motion during the latent stage of Midcontinent Rift development,"Mamainse Point 1070-1350 m; younger Alona Bay reversed-polarity zone, N=14.  Mean of VGPs as in Swanson-Hysell, 2014 reproduced in Swanson-Hysell et al., 2026."
Laurentia,Osler Volcanic Group reverse upper,GPMDB:9514,Characteristic remanent magnetization (magnetite),f+ (positive fold test on Halls 1974 + Swanson-Hysell 2014 data),100,48.59,271.81,64,386,109.9,-60.7,60.7,42.8,2.7,42.3,203.4,,,3.7,1.0,-60.7,42.3,203.4,,,3.7,1.0,-60.7,42.3,203.4,,,3.7,100,4,1,1,1,1,1,1,1,1,1,1,7,1,1,1,f,1,0,1,6,A,1105,1105,1105,"U-Pb 206Pb/238U date of 1105.15 +/- 0.33 Ma on the Agate Point rhyolite (Swanson-Hysell et al., 2019).",Osler Volcanic Group reverse upper,"Halls, H. C.; Swanson-Hysell, N. L., Ramezani, J., Fairchild, L. M., & Rose, I. R.",2019,GSA Bulletin (with Halls 1974 and Swanson-Hysell et al. 2014b),131,913-940,"Failed rifting and fast drifting: Midcontinent Rift development, Laurentia rapid motion and the driver of Grenvillian orogenesis","Osler upper reversed-polarity zone (R2): Simpson Island >2082 m (Swanson-Hysell et al., 2014b) + Halls (1974) reversed + Agate Point (Swanson-Hysell et al., 2019), N=64. Updates GPMDB 9514 with the 2019 sites. Mean of site level VGPs as in Swanson-Hysell et al., 2019 reproduced in Swanson-Hysell et al., 2026."
Laurentia,Coldwell Complex,GPMDB:9838,Characteristic remanent magnetization (ChRM); reversed-polarity Centers A + C (Pole CCr),"reversal test conducted between normal (Center B) and reversed (Centers A+C) groups (McFadden & McElhinny, 1990)",0,48.79,273.5,30,177,114.8,-63.7,63.7,53.5,3.6,47.2,206.5,,,4.8,1.0,-63.7,47.2,206.5,,,4.8,1.0,-63.7,47.2,206.5,,,4.8,75,4,1,1,1,1,1,1,0,1,1,1,6,1,1,1,0,1,1,1,6,B,1107,1105,1109,"U-Pb zircon/baddeleyite dates on the eastern gabbro of 1108 +/- 1 Ma and 1107 +5/-1 Ma (Heaman & Machado, 1992); the complex was emplaced at ca. 1107 Ma during Midcontinent Rift magmatism.",Coldwell Complex,"Kulakov, E. V., Smirnov, A. V., & Diehl, J. F.",2014,Journal of Geophysical Research: Solid Earth,119,8633-8654,"Paleomagnetism of the ~1.1 Ga Coldwell Complex (Ontario, Canada): Implications for Proterozoic geomagnetic field morphology and plate velocities","Pole reproduced from the site level (Kulakov et al., 2014, Table 2): Fisher mean of the 30 reversed-polarity site VGPs of Centers A and C (Pole CCr), reproducing the published 47.2N/206.5E (A95 4.8, K 31) exactly as documented in Swanson-Hysell et al., 2026. Previous Nordic compilation pole also included the 10 normal-polarity Center B sites."
Laurentia,Osler Volcanic Group reverse middle,GPMDB:10017,Characteristic remanent magnetization (magnetite),"Crosscut by younger normal-polarity dikes (no formal baked contact test, but this is effectively one)",100,48.8,272.34,20,139,105.9,-64.9,64.9,36.5,5.5,42.7,211.3,,,8.2,1.0,-64.9,42.7,211.3,,,8.2,1.0,-64.9,42.7,211.3,,,8.2,100,4,1,1,1,1,1,1,0,1,1,1,6,1,1,1,0,1,0,1,5,A,1107,1105,1110,Stratigraphically between the lower (ca. 1108 Ma) and upper (1105.15 +/- 0.33 Ma) reversed zones; ca. 1107 Ma.,Osler Volcanic Group reverse middle,"Swanson-Hysell, N. L., Vaughan, A. A., Mustain, M. R., & Asp, K. E.",2014,"Geochemistry, Geophysics, Geosystems",15,2039-2047,Confirmation of progressive plate motion during the Midcontinent Rift early magmatic stage from the Osler Volcanic Group,"Osler middle (transitional) reversed-polarity zone: Simpson Island 1041-2082 m. Mean of site level VGPs as in Swanson-Hysell et al., 2014b."
Laurentia,Nipigon sills and lavas,new,"Single reverse-polarity remanence; Lulea Working Group eight-unit grand mean (Inspiration sills, Pillar Lake lava, Seagull intrusion, Nipigon sills, Logan sills x3, Thunder Bay reverse dykes), as compiled by Evans et al. (2021)",c+ (positive inverse baked-contact constraint),0,49.1,270.9,86,1000,107.6,-70.9,70.9,1000.0,0.1,47.2,217.8,,,4.0,1.0,-70.9,47.2,217.8,,,4.0,1.0,-70.9,47.2,217.8,,,4.0,100,3,1,1,1,1,1,1,1,1,0,1,6,1,0,1,c,1,0,1,5,A,1108,1106,1110,"Nipigon (Logan) sills cluster at ca. 1105-1109 Ma: Nipigon sills 1108.2 +/- 0.9 Ma (zircon, recalculated from Davis and Sutcliffe, 1985); new U-Pb dates of 1106.3 +/- 2.0 Ma (Logan Sill, Mt. McKay) and 1105.5 +/- 3.0 Ma (Inspiration sill) from Bleeker et al. (2020). Assigned 1108 +/- 2 Ma.",Nipigon sills and lavas,"Lulea Working Group mean (sources: Borradaile et al., 2006; Middleton et al., 2004; Pesonen, 1979; Robertson and Fahrig, 1971; Palmer, 1970)",2009,,,,MEAN Nipigon sills and lavas (Lulea Working Group grand mean),"Pole taken from the Evans et al. (2021) Laurentia compilation (Lulea Working Group eight-unit grand mean, 2009); single reverse polarity (R6=0). R2=0 and the KD=1000 / N=1000 / ED95=0.1 fields are the sentinel values of the source mean-of-means. Age reassigned to 1108 +/- 2 Ma from Nipigon/Logan sill U-Pb geochronology (Davis and Sutcliffe, 1985 recalculation; Bleeker et al., 2020)."
Laurentia,Osler Volcanic Group reverse lower,GPMDB:9515,Characteristic remanent magnetization (magnetite),"Crosscut by younger normal-polarity dikes (no formal baked contact test, but this is effectively one)",100,48.8,272.34,30,179,99.3,-68.0,68.0,62.2,3.4,40.9,218.6,,,4.8,1.0,-68.0,40.9,218.6,,,4.8,1.0,-68.0,40.9,218.6,,,4.8,100,4,1,1,1,1,1,1,0,1,1,1,6,1,1,1,0,1,0,1,5,A,1108,1105,1110,Stratigraphically older than the 1105.15 +/- 0.33 Ma Agate Point rhyolite; ca. 1108 Ma (cf. ca. 1109 Ma Logan sills).,Osler Volcanic Group reverse lower,"Swanson-Hysell, N. L., Vaughan, A. A., Mustain, M. R., & Asp, K. E.",2014,"Geochemistry, Geophysics, Geosystems",15,2039-2047,Confirmation of progressive plate motion during the Midcontinent Rift early magmatic stage from the Osler Volcanic Group,"Osler lower reversed-polarity zone (R1): Simpson Island <1041 m. Mean of site level VGPs as in Swanson-Hysell et al., 2014b."
Laurentia,Lowermost Mamainse Point volcanics -R1,GPMDB:9510 MagIC:16333,Characteristic remanent magnetization (magnetite),"G+ (positive intraformational conglomerate test; Swanson-Hysell et al., 2009)",100,47.1,275.29,24,117,292.8,72.5,72.5,88.7,3.2,49.5,227.0,,,5.3,1.0,72.5,49.5,227.0,,,5.3,1.0,72.5,49.5,227.0,,,5.3,100,4,1,1,1,1,1,1,1,1,1,1,7,1,1,1,G,1,0,1,6,A,1109,1106,1112,"ca. 1109 Ma (1106-1112), older Alona Bay reversed zone, below the 1100.36 +/- 0.25 Ma Flour Bay tuff date.",Lowermost Mamainse Point volcanics -R1,"Swanson-Hysell, N. L., Maloof, A. C., Weiss, B. P., Evans, D. A. D.; Burgess, S. D., Bowring, S. A.",2014,Geology / Nature Geoscience,42,475-478,Magmatic activity and plate motion during the latent stage of Midcontinent Rift development,"Mamainse Point lowermost ~600 m (height < 600 m); older Alona Bay reversed-polarity zone.  Mean of VGPs as in Swanson-Hysell, 2014 reproduced in Swanson-Hysell et al., 2026.."
Laurentia,Abitibi Dykes,GPMDB:7193,Characteristic remanent magnetization (magnetite); mixed polarity; eight-dyke modified mean of Halls et al. (2005),"C+ (positive baked-contact test) and R (mixed polarity; dykes A4, A7 reversed, reversal test negative/indeterminate)",0,48.0,279.0,8,28,297.9,65.3,65.3,44.2,8.4,50.4,213.4,,,12.6,1.0,65.3,50.4,213.4,,,12.6,1.0,65.3,50.4,213.4,,,12.6,25,4,1,1,1,1,1,1,1,1,1,1,7,1,0,1,C,1,1,1,6,A,1141,1139,1143,"A U-Pb baddeleyite age of 1140.6 ± 2 Ma (Krogh, 1987) dates the dykes.",Abitibi Dykes,"Ernst, R. E., & Buchan, K. L.",1993,Canadian Journal of Earth Sciences,30,1886-1897,"Paleomagnetism of the Abitibi dyke swarm, southern Superior Province, and implications for the Logan Loop","Eight dyke means are A3-A8 + SL13): the original A1 dyke is reassigned to the ca. 2167 Ma Biscotasing swarm and excluded, and the new normal-polarity dyke SL13 (direction/VGP from Piispa et al. 2018 Table 3, after Halls et al. 2005) is added. Reproduced in Swanson-Hysell et al., 2026."
Laurentia,NW Ontario Lamprophyre Dykes,GPMDB:9886 MagIC:20635,Characteristic remanent magnetization (magnetite); mixed polarity,"C+ (positive baked-contact test, dykes D1 and MM2) and R+ (positive reversal test, class C; 14 reversed, 5 normal)",0,48.4,273.6,19,120,306.4,72.1,72.1,37.8,5.5,57.9,223.3,,,9.2,1.0,72.1,57.9,223.3,,,9.2,1.0,72.1,57.9,223.3,,,9.2,74,4,,,,,,,,,,,,1,1,1,C,1,1,1,7,A,1144,1137,1151,"- Current age bracket: nominal age 1144 Ma, lomagage 1137 Ma, himagage 1151 Ma. 
- 1144±7. Ma Ar-Ar phlogopite and 1144 +6/-4 U-Pb perovskite. 40Ar/39Ar phlogopite and U-Pb perovskite dating by Queen et al., 1996. Piispa et al., 2018 also compile previous baddeleyite dates from unpublished dates from Heaman, and correlated with Krogh 1987 baddeleyite age from the Abitibi dikes with the interpretation that the lamprophyre dikes and abitibi dikes are of the similar pulse of MCR initiation magmatism. 
-",NW Ontario Lamprophyre Dykes,"Piispa, E. L., Smirnov, A. V., Pesonen, L. J., & Mitchell, R. H.",2018,Journal of Geophysical Research: Solid Earth,123,,"Paleomagnetism and Geochemistry of ~1144-Ma Lamprophyre Dikes, Northwestern Ontario: Implications for the Midcontinent Rift",Mean of site level VGPs as in Piispa et al. (2018).
Laurentia-Greenland,NE-SW Trending Dyke Swarm,6609,"Characteristic remanent magnetization; mean for the NE-SW trending dyke swarm (Gardar Province, South Greenland)",,0,61.2,314.6,18,102,282.9,50.9,50.9,46.0,5.0,33.4,230.8,,,5.7,1.0,50.9,33.4,230.8,,,5.7,1.0,50.9,33.4,230.8,,,5.7,0or100,,1,1,1,1,1,1,0,1,0,1,5,1,1,1,0,1,0,1,5,B,1160,1155,1165,Considered younger than the ca. 1163 Ma giant dykes and older than the 1156 ± 1 Ma central Tugtutoq pluton; dates are from the compilation of Upton et al. (2013) citing mostly unpublished Heaman dates.,NE-SW Trending Dyke Swarm,"Piper, J.D.A.",1992,Precambr.Res.,54,153-172,"The palaeomagnetism of major (Middle Proterozoic) igneous complexes, South Greenland and the Gardar apparent polar wander track","Pole taken from the Evans et al. (2021) Laurentia compilation (Piper, 1992); no site-level directions digitized here. Source compilation lists %REV as 0or100 (ambiguous polarity assignment). Nominal age, age bounds, and the compilation method note are carried from the notebook age-constraint section."
Laurentia-Greenland,Giant Gabbro Dikes,2131,,,0,60.85,-46.37,13,73,288.2,58.3,58.3,18.5,9.9,42.3,227.6,,,9.2,1.0,58.3,42.3,227.6,,,9.2,1.0,58.3,42.3,227.6,,,9.2,0or100,,1,1,1,1,1,1,0,1,0,1,5,1,0,1,0,0,0,1,3,B,1163,1161,1165,"Unpublished Pb-Pb baddeleyite age of 1163±2 Ma from Heaman was summarized in Upton, 2013, DOI: 10.34194/geusb.v29.4692",Giant Gabbro Dikes,"Piper, J.D.A.",1977,BGS Denmark,26,85-94,"Palaeomagnetism of the giant dykes of Tugtutoq and Narssaq Gabbro, Gardar Igneous Province, South Greenland",Recalculated pole using site VGPs provided in Piper (1977)
Laurentia-Greenland,South Qoroq Intrusion,6610,"Characteristic remanent magnetization; mean for the South Qoroq intrusion (Gardar Province, South Greenland)",,0,61.2,314.6,9,67,299.9,51.2,51.2,20.0,12.0,41.8,215.9,,,13.1,1.0,51.2,41.8,215.9,,,13.1,1.0,51.2,41.8,215.9,,,13.1,0or100,,1,1,1,1,1,1,1,0,0,1,5,1,1,1,C,0,0,1,5,A,1163,1161,1165,This is considered a younger giant dike from the Tugtutôq region with a 1163 ± 2 Ma U-Pb baddeleyite age unpublished from Heaman..,South Qoroq Intrusion,"Piper, J.D.A.",1992,Precambrian Res.,54,153-172,"The palaeomagnetism of major (Middle Proterozoic) igneous complexes, South Greenland and the Gardar apparent polar wander track",Pole taken from the Evans et al. (2021) Laurentia compilation; no site-level directions yet compiled.
Laurentia,Hviddal,2132,,,0,60.88,-46.34,7,38,294.3,42.7,42.7,38.2,9.9,34.1,215.6,,,9.6,1.0,42.7,34.1,215.6,,,9.6,1.0,42.7,34.1,215.6,,,9.6,0or100,,1,1,1,1,1,1,0,1,0,1,5,1,0,1,0,0,0,1,3,B,1184,1179,1189,"Unpublished Pb-Pb baddeleyite age of 1184±5 Ma from Heaman was summarized in Upton, 2013, DOI: 10.34194/geusb.v29.4692",Hviddal,"Piper, J.D.A.",1977,BGS Denmark,26,85-94,"Palaeomagnetism of the giant dykes of Tugtutoq and Narssaq Gabbro, Gardar Igneous Province, South Greenland",Recalculated pole using site VGPs provided in Piper (1977)
Laurentia,Narsaqq,2133,,,0,60.92,-46.06,4,22,285.3,46.8,46.8,97.2,9.4,31.8,225.7,,,10.6,1.0,46.8,31.8,225.7,,,10.6,1.0,46.8,31.8,225.7,,,10.6,0or100,,1,0,1,1,0,1,0,1,0,1,4,1,0,1,0,0,0,1,3,B,1184,1179,1189,"Same age as Hvidall Dike, unpublished Pb-Pb baddeleyite age of 1184±5 Ma from Heaman was summarized in Upton, 2013, DOI: 10.34194/geusb.v29.4692",Narsaqq,"Piper, J.D.A.",1977,BGS Denmark,26,85-94,"Palaeomagnetism of the giant dykes of Tugtutoq and Narssaq Gabbro, Gardar Igneous Province, South Greenland",Recalculated pole using site VGPs provided in Piper (1977) documented in Swanson-Hysell et al. 2026.
Laurentia-Scotland,Stoer Group,NEW,"sample-weighted mean of (Stewart+Irving 74, Smith+83, TS87 Achiltibuie, TS87 Stoer, Darabi+Piper 04, Borradaile+Geneviciene 08)",many,100,58.0,354.5,,610,310.8,34.7,34.7,1000.0,0.1,37.2,238.4,,,7.7,1.0,34.7,37.2,238.4,,,7.7,1.0,34.7,37.2,238.4,,,7.7,MIXED,4,0,1,1,1,1,1,1,1,1,0,5,0,1,1,f,0,0,1,4,B,1199,1129,1269,"A Pb-Pb date of 1199 +/- 70 Ma on lacustrine carbonate within the Stac Fada Member (Turnbull et al., 1996) and an Ar-Ar date of 1177 +/- 5 Ma on authigenic K-feldspar precipitated in degassing pipes associated with the impact ejecta (Parnell et al., 2011) constrain the Stac Fada Member, midway through the Stoer Group. Because the duration of deposition is unknown and the pole position appears to progress through the section, the rock age is uncertain; the pole is assigned **ca. 1199 Ma (1129-1269 Ma)**.",Stoer Group,"Lulea Working Group mean (Evans et al., 2021 compilation)",2009,,,,MEAN Stoer Group (Lulea Working Group grand mean),"Sample-weighted grand mean of six Stoer Group studies (Stewart & Irving 1974; Smith et al. 1983; Torsvik & Sturt 1987 Stoer + Achiltibuie; Darabi & Piper 2004; Borradaile & Geneviciene 2008); mixed (normal + reverse) polarity taken from the Evans et al. (2021) Laurentia compilation (Lulea Working Group six-study sample-weighted grand mean, 2009)"
Laurentia,Sudbury Dike Swarm,GPMDB:2175,"Magnetite-carried characteristic remanent magnetization (westerly, shallow)","C+ (positive baked-contact test at site 90 vs. Gowganda argillites; Sopher, 1963; Schwarz, 1977 vs. Sudbury norite)",0,46.3,278.6,52,205,265.2,2.3,2.3,1000.0,3.5,-2.5,192.8,,,2.5,1.0,2.3,-2.5,192.8,,,2.5,1.0,2.3,-2.5,192.8,,,2.5,0,3,1,1,1,1,1,1,1,1,0,1,6,1,1,1,C,1,0,1,6,A,1235,1232,1242,"- Curent age bracket: nominal age 1238 Ma, lomagage 1234 Ma, himagage 1242 Ma.
- Proposed new bracket: nominal age 1235 Ma, lomagage 1242 Ma, himagage 1232 Ma.
- Preivously cited a U-Pb baddeleyite at 1238 ± 4 Ma by Krogh et al., 1987; but there is a Dudàs et al., 1994 paper that dated U-Pb baddeleyite ID-TIMS from four dikes and a combined baddeleyite concordia upper intercept age of 1235 +7/-3 Ma is reported. That study also dated two zircons but the zircons are much more discordant than the almost concordiant baddeleyite analyses. We prefer to use the baddeleyite only regression age as the age constraint for the paleomagnetic pole, and update the age assignmnts.",Sudbury Dike Swarm,"Palmer, H. C., Merz, B. A., & Hayatsu, A.",1977,Canadian Journal of Earth Sciences,14,1867-1887,"The Sudbury dikes of the Grenville Front region: paleomagnetism, petrochemistry, and K-Ar age studies","Exported pole is the prior-compilation Sudbury Dykes Combined grand mean (Evans et al., 2021). A site-level recreation is being developed for Swanson-Hysell et al. 2026 notebook but so far uses only the 38 Palmer et al. (1977) Sudbury-dike-direction dikes -- an incomplete subset of the combined-pole site list -- and a fuller site compilation adding the remaining studies is planned."
Laurentia,Mackenzie dykes grand mean,GPMDB:B+00,Characteristic remanent magnetization (magnetite); single polarity (grand mean),C+ (positive baked-contact test; baked country rock carries the diabase direction),0,62.5,249.0,5,1000,243.9,29.7,29.7,1000.0,0.1,4.0,190.0,,,5.0,1.0,29.7,4.0,190.0,,,5.0,1.0,29.7,4.0,190.0,,,5.0,0,3,1,1,1,1,1,1,1,1,0,1,6,1,1,1,C,1,0,1,6,A,1267,1265,1269,"- nominal age: 1267 Ma, lomagage 1265 Ma, himagage 1269 Ma.
- LeCheminant and Heaman, 1989 dated 7 fractions of baddeleyite from four locations and got a concorida upper intercept age of 1267 ± 2 Ma. This age remains the most recent direct dating study for the Mackenzie dike swarm.",Mackenzie dykes grand mean,"Buchan, K. L., et al. (grand mean); Irving, E., Donaldson, J. A., & Park, J. K. (Mackenzie diabase)",2000,Canadian Journal of Earth Sciences,319,167-198,"Mackenzie dyke swarm grand mean (Buchan et al., 2000); Mackenzie diabase site data from Irving et al. (1972)",Mackenzie grand mean pole reported as the Buchan et al. (2000). Future plans to compile at site level.
Laurentia-Greenland,West Gardar Dolerite Dykes,GPMDB:2106,Site-mean characteristic remanent magnetization (magnetite); single shallow northwest-directed polarity,,0,61.2,311.7,24,138,291.5,-3.2,3.2,10.8,9.4,8.6,201.9,,,5.9,1.0,-3.2,8.6,201.9,,,5.9,1.0,-3.2,8.6,201.9,,,5.9,0,3,1,1,1,1,1,1,0,1,0,1,5,0,1,1,0,0,0,1,3,B,1271,1263,1278,"- Nominal age 1271 Ma (bounds 1263-1278 Ma). Piper & Stearn (1977) cite Patchett &
  Upton (1977) -- a study that was never published -- for Rb-Sr biotite ages of
  1278, 1277, 1272, 1265, and 1263 Ma on the Gardar dolerite dykes. These are
  adopted as the age bounds, with their average (1271 Ma) as the nominal age.
  Because the only control is unpublished Rb-Sr biotite cooling ages, the age is
  poorly constrained.",West Gardar Dolerite Dykes,"Piper, J. D. A., & Stearn, J. E. F.",1977,Physics of the Earth and Planetary Interiors,14,345-358,"Palaeomagnetism of the dyke swarms of the Gardar igneous province, south Greenland","West Gardar dolerite pole recreated as the Fisher mean of the 24 site VGPs of Piper & Stearn (1977), VGPs computed at the sampling locality (61.2N/311.7E); reproduces the prior-compilation pole (8.7 N / 201.7 E, A95 6.6). Directions only in the source; single shallow NW-directed polarity. Pole in Greenland coordinates."
Laurentia-Greenland,West Gardar Lamprophyre Dykes,GPMDB:2108,ChRM (magnetite); single shallow northwest-directed polarity,,0,61.2,311.7,9,51,284.8,-8.6,8.6,27.5,10.0,3.2,206.5,,,5.5,1.0,-8.6,3.2,206.5,,,5.5,1.0,-8.6,3.2,206.5,,,5.5,0,3,1,1,1,1,1,1,0,1,0,1,5,0,0,1,0,0,0,1,2,B,1271,1263,1278,"- Nominal age 1271 Ma (bounds 1263-1278 Ma). Piper & Stearn (1977) cite Patchett &
  Upton (1977) -- a study that was never published -- for Rb-Sr biotite ages of
  1278, 1277, 1272, 1265, and 1263 Ma on the Gardar dolerite dykes. These are
  adopted as the age bounds, with their average (1271 Ma) as the nominal age.
  Because the only control is unpublished Rb-Sr biotite cooling ages, the age is
  poorly constrained.",West Gardar Lamprophyre Dykes,"Piper, J. D. A., & Stearn, J. E. F.",1977,Physics of the Earth and Planetary Interiors,14,345-358,"Palaeomagnetism of the dyke swarms of the Gardar igneous province, south Greenland","West Gardar lamprophyre pole recreated as the Fisher mean of the 9 site VGPs of Piper & Stearn (1977), VGPs computed at the sampling locality (61.2N/311.7E); reproduces the prior-compilation pole (3.2 N / 206.4 E, A95 7.2). Directions only in the source; single shallow NW-directed polarity. Pole in Greenland coordinates."
Laurentia-Greenland,Kungnat Ring Dyke,2107,"Characteristic remanent magnetization; Kungnat ring dyke mean (Gardar Province, South Greenland)",,0,61.2,311.7,4,18,292.0,-15.4,15.4,455.0,4.3,3.4,198.7,,,3.2,1.0,-15.4,3.4,198.7,,,3.2,1.0,-15.4,3.4,198.7,,,3.2,0or100,,1,0,1,1,0,1,0,1,0,1,4,1,0,1,0,1,0,1,4,B,1275,1273,1277,1275.2 +/- 1.8 Ma U-Pb date (2 sigma) from Upton (2003).,Kungnat Ring Dyke,"Piper, J.D.A., Stearn, J.E.F.",1977,Physics Earth Planet. Int.,14,345-358,"Palaeomagnetism of the dyke swarms of the Gardar Igneous Province, South Greenland","Pole taken from the Evans et al. (2021) Laurentia compilation (Piper & Stearn, 1977); no site-level directions yet compiled."
Laurentia-Greenland,North Qoroq Intrusion,6607,,,0,61.2,314.6,12,65,295.7,2.5,2.5,15.0,12.0,13.2,202.6,,,8.3,1.0,2.5,13.2,202.6,,,8.3,1.0,2.5,13.2,202.6,,,8.3,8or92,,1,1,1,1,1,1,0,0,1,1,5,1,1,1,c,0,1,1,5,B,1275,1274,1276,1275.3 +/- 1.1 Ma U-Pb date (2 sigma) from Upton (2003) on the adjacent Motzfeldt complex; Upton et al. (2003) interpreted this date to support a previous 1268 +/- 60 Ma Rb-Sr date from North Qoroq.,North Qoroq Intrusion,"Piper, J.D.A.",1992,Precambrian Res.,54,153-172,"The palaeomagnetism of major (Middle Proterozoic) igneous complexes, South Greenland and the Gardar apparent polar wander track","Pole taken from the Evans et al. (2021) Laurentia compilation (Piper, 1992); no site-level directions digitized here. Source compilation lists %REV as 8or92 (ambiguous polarity assignment). Nominal age, age bounds, and the compilation method note are carried from the notebook age-constraint section (Upton, 2003)."
Laurentia,Nain Anorthosite,GPMDB:2180,,R+,0,56.5,298.2,21,101,277.8,17.5,17.5,116.2,3.0,11.8,206.8,,,2.5,1.0,17.5,11.8,206.8,,,2.5,1.0,17.5,11.8,206.8,,,2.5,24,3,1,1,1,1,1,1,0,0,1,1,5,0,0,1,0,1,1,1,4,B,1305,1283,1328,"- Current bracket: nominal age 1328 Ma, lomagage 1320 Ma, himagage 1350 Ma.
- Proposed new bracket: nominal age 1305 Ma, lomagage 1283 Ma, himagage 1328 Ma.
- A hornblende 40Ar/39Ar age of 1328 ± 8 Ma has been obtained from the contact aureole of the Bird Lake Massif, confirming it as one of the oldest members of the Nain plutonic suite (Yu & Morse, 1993). Ryan et al., 2017 reported Nain Plutonic Suite (NPS) from the region directly west of Kingurutik Lake in north-central Labrador. Leuconoritic rocks crystallized at 1349 ± 1 Ma, contemporaneous with a granitic body at 1348 ± 1 Ma. A composite ‘dioritic’ association was intruded ca. 1342-1341 Ma, and leucogranite dykes were emplaced at 1337 ± 1 Ma. DePaolo, 1985 reported a Sm-Nd mineral isochron indicates that the crystallization age of the intrusion is 1305±22 Ma.",Nain Anorthosite,"Murthy, G. S.",1978,Canadian Journal of Earth Sciences,15,516-525,Paleomagnetic results from the Nain anorthosite and their tectonic implications,"Nain anorthosite pole calculated from site level VGPs as documented in Swanson-Hysell et al., 2026."
Laurentia-Greenland,Midsommersoe Dolerites,GPMDB:99,,,100,81.6,333.4,10,100,265.6,14.5,14.5,38.8,7.9,10.0,242.0,,,3.5,1.0,14.5,10.0,242.0,,,3.5,1.0,14.5,10.0,242.0,,,3.5,0,3,1,1,1,1,1,1,0,1,0,1,5,1,0,1,0,1,0,1,4,B,1382,1380,1384,"U-Pb dating of two baddeleyite multi-grain fraction upper intercept ages from one intrusive Midsommersø Dolerites yields an age of 1382 ± 2 Ma (Upton et al., 2005)",Midsommersoe Dolerites,"Marcussen, C., & Abrahamsen, N.",1983,Geophysical Journal of the Royal Astronomical Society,73,367-387,"Palaeomagnetism of the Proterozoic Zig-Zag Dal Basalt and the Midsommersoe Dolerites, eastern North Greenland","Midsommersoe Dolerites pole recreated at the site level from Marcussen & Abrahamsen (1983) (audited contribution: dir_tilt_correction set to 100 = bedding-corrected; corrupted Upton 2005 DOI fixed to ...0634-7). Reported at the positive-latitude antipode to match the prior compilation (GPMDB 99; the student computed the southern antipode). Single polarity, over-concentrated VGPs (K>70) -> R2=0; no field test; U-Pb 1382+/-2 Ma -> R1=1. R=4, Grade B."
Laurentia-Greenland,Victoria Fjord dolerite dykes,GPMDB:489,,C+ (positive baked-contact test; three baked gneiss sites carry the dyke direction),0,81.5,315.3,9,69,266.1,25.3,25.3,75.8,5.9,12.7,231.3,,,5.1,1.0,25.3,12.7,231.3,,,5.1,1.0,25.3,12.7,231.3,,,5.1,0,3,1,1,1,1,1,1,1,1,0,1,6,1,0,1,C,0,0,1,4,B,1382,1380,1384,"There is no direct radiometric dates from these dikes in the nunatak area, the age of the magnetization is inferred from the fact that the dikes' directions look to be antipodal to the directions reported from the Midsommersoe dolerite. U-Pb dating of baddeleyite from intrusive Midsommersø Dolerites yields an age of 1382 ± 2 Ma (Upton et al., 2005)",Victoria Fjord dolerite dykes,"Abrahamsen, N., & Van der Voo, R.",1987,Geophysical Journal of the Royal Astronomical Society,91,597-611,Palaeomagnetism of middle Proterozoic (c. 1.25 Ga) dykes from central North Greenland,Departs from previous nordic compilation by being the mean of the dikes rather than dikes and baked. Recalculated from the VGPs as documented in Swanson-Hysell et al. 2026.
Laurentia-Greenland,Zig-Zag Dal Basalts,GPMDB:98,,,100,81.2,334.8,19,135,273.6,22.0,22.0,37.0,5.6,12.2,242.8,,,3.9,1.0,22.0,12.2,242.8,,,3.9,1.0,22.0,12.2,242.8,,,3.9,0,3,1,1,1,1,1,1,0,1,0,1,5,1,0,1,0,1,0,1,4,B,1382,1380,1384,"- U-Pb dating of two baddeleyite multi-grain fraction upper intercept ages from one intrusive Midsommersø Dolerites yields an age of 1382 ± 2 Ma (Upton et al., 2005)",Zig-Zag Dal Basalts,"Marcussen, C., & Abrahamsen, N.",1983,Geophysical Journal of the Royal Astronomical Society,73,367-387,"Palaeomagnetism of the Proterozoic Zig-Zag Dal Basalt and the Midsommerso Dolerites, eastern North Greenland",Zig-Zag Dal Basalts pole recreated at the site level from Marcussen & Abrahamsen (1983) as documented in Swanson-Hysell et al. 2026.
Laurentia,"Pilcher, Garnet Range, Libby",9030,,f,100,46.72,-113.66,4,76,28.4,-32.5,32.5,102.2,9.1,-20.6,217.6,,,7.9,1.0,-32.5,-20.6,217.6,,,7.9,1.0,-32.5,-20.6,217.6,,,7.9,100,4,1,1,1,1,1,1,1,1,0,1,6,1,0,0,f,0,0,1,2,B,1385,1378,1407,One SHRIMP U-Pb zircon age of 1401 ± 6 Ma in tuff at base of unit and one TIMS U-Pb zircon age of 1379 ± 1 Ma in intrusive from lower in the section; from Evans et al. (2000) and Doughty and Chamberlain (1996).,"Pilcher, Garnet Range, Libby","Elston, D. P., Enkin, R. J., Baker, J., and Kisilevsky, D. K. ",2002,Geological Society of America Bulletin,114,619-638,"Tightening the Belt: Paleomagnetic-stratigraphic constraints on deposition, correlation, and deformation of the Middle Proterozoic (ca. 1.4 Ga) Belt-Purcell Supergroup, United States and Canada",Recalculated from the site VGPs as documented in Swanson-Hysell et al. 2026.
Laurentia,McNamara,9031,,f,100,47.1,-113.66,10,195,37.2,-36.6,36.6,42.8,7.5,-14.3,210.2,,,7.9,1.0,-36.6,-14.3,210.2,,,7.9,1.0,-36.6,-14.3,210.2,,,7.9,70,4,1,1,1,1,1,1,1,1,1,1,7,1,0,0,f,0,0,1,3,B,1392,1378,1407,One SHRIMP U-Pb zircon age of 1401 ± 6 Ma in tuff at base of unit and one TIMS U-Pb zircon age of 1379 ± 1 Ma in intrusive from lower in the section; from Evans et al. (2000) and Doughty and Chamberlain (1996).,McNamara,"Elston, D. P., Enkin, R. J., Baker, J., and Kisilevsky, D. K. ",2002,Geological Society of America Bulletin,114,619-638,"Tightening the Belt: Paleomagnetic-stratigraphic constraints on deposition, correlation, and deformation of the Middle Proterozoic (ca. 1.4 Ga) Belt-Purcell Supergroup, United States and Canada",Recalculated pole from Elston et al. (2002) individual site VGPs including a site he had excluded seemingly arbitarily as documented in Swanson-Hysell et al. 2026.
Laurentia,Purcell Lava,9037,Primary,f,100,49.25,-114.93,15,225,30.4,-36.2,36.2,17.9,9.3,-13.6,215.5,,,8.2,1.0,-36.2,-13.6,215.5,,,8.2,1.0,-36.2,-13.6,215.5,,,8.2,100,4,1,1,1,1,1,1,1,1,0,0,5,1,1,0,f,1,0,1,5,B,1427,1412,1442,One U-Pb ID-TIMS baddeleyite age of 1438.9 ± 3.3 Ma and one LA-ICP-MS U-Pb zircon age of 1419.9 ± 8.4 Ma (which agrees with ID-TIMS of an intrusive unit); from Constenius et al. (accepted); other ID-TIMS age of Purcell Lava within this range.,Purcell Lava,"Elston, D. P., Enkin, R. J., Baker, J., and Kisilevsky, D. K. ",2002,Geological Society of America Bulletin,114,619-638,"Tightening the Belt: Paleomagnetic-stratigraphic constraints on deposition, correlation, and deformation of the Middle Proterozoic (ca. 1.4 Ga) Belt-Purcell Supergroup, United States and Canada",A major recalculation of the Elston et al. (2002) pole that calculates from VGP of all sites not just the subset with hematite-dominated remanence. Approach approved at Nordic 2026 Iloranta workshop and documented in Swanson-Hysell et al. 2026.
Laurentia,Mean Rocky Mountain intrusions,GPMDB:7493:7494:8342,Characteristic remanent magnetization (magnetite); combined mean of three ca. 1.4 Ga Colorado-Wyoming intrusions,Ro,0,40.3,253.8,62,469,41.4,-48.3,48.3,11.5,5.6,-10.4,217.9,,,5.9,1.0,-48.3,-10.4,217.9,,,5.9,1.0,-48.3,-10.4,217.9,,,5.9,0,4,1,1,1,1,1,1,0,0,1,1,5,0,1,1,0,0,0,1,3,B,1430,1415,1445,"Combined pole of three ~1.4 Ga Colorado-Wyoming anorogenic intrusions: Laramie Anorthosite Complex and Sherman Granite (Harlan et al., 1994) and Electra Lake gabbro (Harlan et al., 1998); ages span ca. 1415-1445 Ma.",Mean Rocky Mountain intrusions,"Harlan, S. S., Snee, L. W., Geissman, J. W., & Brearley, A. J.; Harlan, S. S., & Geissman, J. W.",1994; 1998,Journal of Geophysical Research: Solid Earth; ,99; 103,17997-18020; 15497-15507,"Paleomagnetism of the Middle Proterozoic Laramie anorthosite complex and Sherman Granite, southern Laramie Range, Wyoming and Colorado; Paleomagnetism of the Middle Proterozoic Electra Lake Gabbro, Needle Mountains, southwestern Colorado",Recalculated by Laurie Zielinski as documented in Swanson-Hysell et al. (2026) notebook using site VGPs
Laurentia,Mistastin Batholith,2271,,i,0,55.59,-63.59,9,49,90.4,3.8,3.8,36.2,8.7,-1.4,205.1,,,7.3,1.0,3.8,-1.4,205.1,,,7.3,1.0,3.8,-1.4,205.1,,,7.3,87,2,1,1,1,1,1,0,0,0,1,1,4,0,0,1,i,0,0,1,3,B,1441,1419,1463,"Ages provided by zircon LA-ICP-MS dates of 1451±12 Ma from the mangerite and 1429±10 Ma from the granodiorite (Marion and Sylvester, 2010)",Mistastin Batholith,"Fahrig,W.F., Jones,D.L.; Hervé, G., Gilder, S. A., Marion, C. L., Osinski, G. R., Pohl, J., Petersen, N., & Sylvester, P. J.",1976;2015,Canad.J.Earth Sci.;Earth and Planetary Science Letters,"13,417",832-837;151-163,"The paleomagnetism of the Helikian Mistatin pluton, Labrador, Canada;Paleomagnetic and rock magnetic study of the Mistastin Lake impact structure (Labrador, Canada): Implications for geomagnetic perturbation and shock effects","Recalculated by Laurie Zielinski as documented in Swanson-Hysell et al. (2026) notebook using site VGPs from Fahrig and Jones (1976), combined with site VGPs from Hervé et al. (2015)."
Laurentia,Snowslip,9038,Primary,f,100,47.9,-114.1,9,268,30.9,-20.6,20.6,128.8,4.6,-25.2,212.1,,,3.3,1.0,-20.6,-25.2,212.1,,,3.3,1.0,-20.6,-25.2,212.1,,,3.3,MIXED,4,1,1,1,1,1,1,1,1,1,1,7,1,0,0,f,0,0,1,3,B,1449,1436,1463,One SHRIMP U-Pb zircon age of 1454 ± 9 Ma from an underlying tuff and one LA-ICP-MS U-Pb zircon age of 1419.9 ± 8.4 Ma from overlying lava; from Evans et al. 2000 and Constenius et al. (accepted),Snowslip,"Elston, D. P., Enkin, R. J., Baker, J., and Kisilevsky, D. K. ",2002,Geological Society of America Bulletin,114,619-638,"Tightening the Belt: Paleomagnetic-stratigraphic constraints on deposition, correlation, and deformation of the Middle Proterozoic (ca. 1.4 Ga) Belt-Purcell Supergroup, United States and Canada",Recalculated from Elston sites (same grouping of sites) as documented in Swanson-Hysell et al. 2026.
Laurentia,Spokane,9039,Primary,f,100,48.18,-113.44,15,370,210.6,34.6,34.6,23.9,8.0,-16.4,216.1,,,7.3,1.0,34.6,-16.4,216.1,,,7.3,1.0,34.6,-16.4,216.1,,,7.3,0,4,1,1,1,1,1,1,1,1,0,1,6,1,0,0,f,0,0,1,3,B,1458,1445,1471,One TIMS U-Pb zircon age of 1468.8 ± 2.5 Ma in sills intruding an underlying unit when it was unconsolidated and one SHRIMP U-Pb zircon age of 1379 ± 1 Ma in a tuff from an overlying layer; from Sears et al. 1998 and Evans et al. 2000.,Spokane,"Elston, D. P., Enkin, R. J., Baker, J., and Kisilevsky, D. K. ",2002,Geological Society of America Bulletin,114,619-638,"Tightening the Belt: Paleomagnetic-stratigraphic constraints on deposition, correlation, and deformation of the Middle Proterozoic (ca. 1.4 Ga) Belt-Purcell Supergroup, United States and Canada","Recalculated by Laurie Zielinski as documented in Swanson-Hysell et al., 2026 notebook using more sites than in Elston et al. (2002) original pole."
Laurentia,St. Francois Mountains Acidic Rocks,GPMDB:8932,,"C*+ (positive inverse baked-contact test, ca. 1330 Ma dikes), F+ (positive fold test, caldera tilting), G+ (positive conglomerate test, Cambrian boulder conglomerate)",100,37.5,269.5,18,101,233.7,37.1,37.1,27.7,6.7,-12.1,219.1,,,6.0,1.0,37.1,-12.1,219.1,,,6.0,1.0,37.1,-12.1,219.1,,,6.0,0,4,1,1,1,1,1,1,1,1,0,1,6,0,1,1,cfg,1,0,1,5,A,1466,1448,1484,"The SFM igneous province was originally dated at 1476 ± 16 Ma (U-Pb zircon;
Van Schmus et al., 1993), the age adopted by Meert & Stuckey (2002). A
subsequent U-Pb zircon and titanite study by du Bray et al. (2021) dated many
more SFM units and resolved two magmatic episodes: a more voluminous, widespread
episode at 1.48-1.45 Ga and a younger episode at 1.33-1.28 Ga. The dolerites and
acidic rocks carrying the paleomagnetic remanence belong to the older
1.48-1.45 Ga episode. Taking the spread of in-situ dates from that episode gives
a nominal age of 1466 Ma with bounds of 1448-1484 Ma, adopted here in place of
the older 1476 ± 16 Ma value.",St. Francois Mountains Acidic Rocks,"Meert, J. G., & Stuckey, W.",2002,Tectonics,21,1007,"Revisiting the paleomagnetism of the 1.476 Ga St. Francois Mountains igneous province, Missouri",Recalculated from site VGPs as documented in Swanson-Hysell et al. 2026.
Laurentia,Michikamau Intrusion Combined,GPMDB:2274,"Primary westerly, shallow characteristic remanent magnetization carried by titanium-free magnetite and hematite; single polarity","C+ (positive baked-contact / Bruhnes test: aureole country rock matches the intrusion, the older Petscapiskau Group outside the aureole differs)",0,54.5,296.0,12,54,259.6,11.1,11.1,43.0,6.7,-1.4,217.8,,,4.3,1.0,11.1,-1.4,217.8,,,4.3,1.0,11.1,-1.4,217.8,,,4.3,0,3,1,1,1,1,1,1,1,0,1,1,6,1,0,1,C,1,0,1,5,A,1469,1468,1470,"- Current bracket: nominal age 1460 Ma, lomagage 1455 Ma, himagage 1465 Ma. 
**- proposed new bracket: nominal age 1469 Ma, lomagage 1468 Ma, himagage 1470 Ma.**
- Michikamau Intrusion includes layered mafic rocks, anorthosite and lesser diorite and syenite (Emslie, 1968). Early investigations of
these rocks suggested a U–Pb age of ca. 1460 Ma (Krogh and Davis, 1973), but Kerr and McNicoll (2010) subsequently obtained an older U–Pb baddeleyite age of 1469 ± 1 Ma from anorthosite. Kerr and McNicoll, 2010 reported a U-Pb baddeleyite ID-TIMS concordia upper intercept age of 1469$\pm$1 Ma for a pegmatitic leuconorite (anorthosite) gradational with mineralized rocks at the Juno zone, Michikamau Intrusion; Let's use the newer 1469 ± 1 Ma for the age of the paleomagnetic records. However this is an intrusive mafic anorthositic unit later intruded by granitic rocks ca. 1430 Ma. We do not have enough data to assess the cooling ages (magnetization acquisition age) of the rocks.",Michikamau Intrusion Combined,"Emslie, R. F., Irving, E., & Park, J. K.; Murthy, G. S., Fahrig, W. F., & Jones, D. L.",1976,Canadian Journal of Earth Sciences,13,1052-1057,"Further paleomagnetic results from the Michikamau Intrusion, Labrador",Mean pole calculation from VGPs as documented in Swanson-Hysell et al. 2026
Laurentia,Western Channel diabase,2669,,"Co,C+ in Irving+04",0,66.33,-117.75,35,130,356.4,-49.5,49.5,26.2,4.8,9.2,245.5,,,4.3,1.0,-49.5,9.2,245.5,,,4.3,1.0,-49.5,9.2,245.5,,,4.3,100,2,1,1,1,1,1,0,1,1,0,1,5,1,0,1,1,1,0,1,5,A,1590,1595,1589,"Multiple U–Pb baddeleyite single grains dates, 1590.2 ± 3.8 Ma, 1591.9 ± 2.9 Ma from Hamilton and Buchan, 2010 and 1592.4 ± 2.5 Ma from Rogers et al., 2018.",Western Channel diabase,"Irving, E., Donaldson, J. A., & Park, J. K.",1972,Canadian Journal of Earth Sciences,9,960-971,"Paleomagnetism of the Western Channel diabase and associated rocks, Northwest Territories",Calculated from site mean VGPs (as opposed to direction conversion) as documented in Swanson-Hysell et al. 2026.
Laurentia-Greenland,Melville Bugt diabase dykes,GPMDB:9495,,R,0,74.4,301.6,9,57,208.5,31.0,31.0,16.5,13.1,4.0,274.5,,,9.3,1.0,31.0,4.0,274.5,,,9.3,1.0,31.0,4.0,274.5,,,9.3,44,4,1,1,1,1,1,1,0,1,1,1,6,1,1,1,0,1,1,1,6,B,1635,1619,1638,"- Current bracket: nominal age 1633 Ma, lomagage 1628 Ma, himagage 1638 Ma.
- **Proposed new bracket: nominal age 1635 Ma, lomagage 1619 Ma, himagage 1638 Ma**
- Compilation method note: Halls et al., 2011 developed U-Pb baddeleyite ID-TIMS concordia upper intercept ages from four dikes that have ages of 1622±3Ma, 1629±1Ma, 1632±1Ma, 1635±3Ma. Then Klausen and Nilsson, 2019 dated another dike that are farther SE that yielded an age of 1630±4Ma U–Pb baddeleyite age interpreted to indicate that the dike swarm has a larger extend then previously estimated. Even though there is an apparent 10 Myr span from the baddeleyite ages from the dikes, I prefer an interpretation that the dikes were emplaced within a much shorter period given that they show similar paleomagnetic directions and that their spatial pattern is consistent with them being a dike swarm event. The actual age of the magmatism might be close to the older ages obtained from the dikes, ca 1635 Ma, considering baddeleyite are prone to experiencing Pb loss.",Melville Bugt diabase dykes,"Halls, H. C., Hamilton, M. A., & Denyszyn, S. W.",2011,Dyke Swarms: Keys for Geodynamic Interpretation (Springer),,509-535,The Melville Bugt Dyke Swarm of Greenland: A Connection to the 1.5-1.6 Ga Fennoscandian Rapakivi Granite Province?,"Melville Bugt pole recreated at the site level from the 9 primary-remanence dykes of Halls et al. (2011) (audited contribution; QT dir_n_samples 8->9; OF chilled margin not counted as a separate dyke). Recreated 4.0N/274.5E with an internally consistent k=31.3/A95=9.3 (the source mixed the paper A95 8.7 with a recomputed k); reproduces the prior compilation pole (5N/273.8E, GPMDB 9495). Mixed polarity -> R6=1; U-Pb ca. 1633 Ma -> R1=1. Reported at +5; Halls et al. give the -5 antipode. No field test (R4=0). Grade B."
Laurentia,Cleaver Dykes,GPMDB:9139,"Characteristic remanent magnetization (""Cleaver magnetization"") carried by fine-grained magnetite; single SE-and-down ""normal"" polarity","C+ (positive baked contact test: Labine Group tuff/andesite baked at the contacts of dykes 22 and 34 carry the Cleaver direction while rock metres away differs = MagIC ST-C) and C*+ (positive inverse baked contact test: the younger ca. 1400 Ma Western Channel Diabase and ca. 780 Ma Hottah Gabbro that cut the dykes carry different directions = MagIC ST-C-I; Irving et al., 2004)",0,65.7,241.97,17,99,136.5,57.4,57.4,64.0,4.5,19.4,276.7,,,6.1,1.0,57.4,19.4,276.7,,,6.1,1.0,57.4,19.4,276.7,,,6.1,0,4,1,1,1,1,1,1,1,1,0,1,6,1,1,1,C,1,0,1,6,A,1740,1736,1745,"U-Pb baddeleyite age 1740 +5/-4 Ma directly dates the dykes (Irving et al., 2004).",Cleaver Dykes,"Irving, E., Baker, J., Hamilton, M., & Wynne, P. J.",2004,Precambrian Research,129,251-270,"Early Proterozoic geomagnetic field in western Laurentia: implications for paleolatitudes, local rotations and stratigraphy",Published result of Irving et al. (2004)
Laurentia,NE trending ECMB Diabase Dykes,GPMDB:9970 MagIC:17072,Medium-coercivity (magnetite) characteristic remanent magnetization (ChRM),"c+ (positive inverse baked contact test, NWD1 ca. 1096 Ma dike bakes NED17 = MagIC ST-C; Swanson-Hysell et al., 2021)",0,45.53,265.76,23,148,179.9,76.7,76.7,150.3,2.5,20.5,265.8,,,4.5,1.0,76.7,20.5,265.8,,,4.5,1.0,76.7,20.5,265.8,,,4.5,0,4,1,1,1,1,1,1,1,1,0,1,6,1,1,1,c,1,0,1,6,A,1779,1777,1781,"New U-Pb dates bracket the dikes to 1779.1 ± 2.3 Ma (95% CI): younger than St. Cloud Granite (1781.44 ± 0.51 Ma), older than Richmond Granite (1776.76 ± 0.49 Ma) (Swanson-Hysell et al., 2021).",NE trending ECMB Diabase Dykes,"Swanson-Hysell, N. L., Avery, M. S., Zhang, Y., Hodgin, E. B., Sherwood, R. J., Apen, F. E., Boerboom, T. J., Keller, C. B., & Cottle, J. M.",2021,Tectonics,40,e2021TC006751,The paleogeography of Laurentia in its early years: new constraints from the Paleoproterozoic East-Central Minnesota Batholith,"Pole calculated from the site level from the medium-coercivity (magnetite) of the NE-trending dikes reproduces the published pole as documented in Swanson-Hysell et al., 2026."
