Terrane,ROCKNAME,RESULT#,COMPONENT,TESTS,TILT,SLAT,SLONG,B,N,DEC,INC,abs(I),KD,ED95,PLAT,PLONG,DP,DM,A95,f,INCf,PLATf,PLONf,DPf,DMf,A95f,f.1,INCf.1,PLATf.1,PLONf.1,DPf.1,DMf.1,A95f.1,%REV,DEMAGCODE,40,24,10,16,Q2,Q3,Q4,Q5,Q6,Q7,Q(7),R1,R2,R3,R4,R5,R6,R7,R,Grade,nominal age,lomagage,himagage,REF/method,ROCKNAME.1,POLE AUTHORS,YEAR,JOURNAL,VOLUME,VPAGES,TITLE,Comment
Laurentia,Sept-Iles Layered Intrusion,1752,A Component,C*+,0.0,50.200001,293.5,10.0,51.0,333.0,-29.0,,34.0,8.0,-20.0,321.0,5.0,9.0,,1.0,-29.0,-20.0,321.0,5.0,9.0,,1.0,-29.0,-20.0,321.0,5.0,9.0,,0or100,4.0,,,,,,1.0,1.0,1.0,,0.0,,1.0,1,1.0,c,0.0,0.0,0.0,,B,,561.0,569.0,"565±4 Ma weighted mean of 207Pb/206Pb dates from two zircon grains dated via U-Pb ID-TIMS in Higgins and van Breemen, 1998 (https://doi.org/10.1086/516033). A third grain was dated and rejected from the weighted mean.",Sept-Iles Layered Intrusion,"Tanczyk, E.I., Lapointe,P., Morris,W.A., Schmidt,P.W.",1987.0,Canad.J.Earth Sci.,24,1431-1438,"A paleomagnetic study of the layered mafic intrusion at Sept-Iles, Quebec",Overlaps with Silurian (possible Salinic orogeny overprint)
Laurentia,Catoctin Basalts,7474,A Component,"C+,F+,Rc,M",100.0,38.5,281.800003,6.0,28.0,68.0,84.0,,59.0,9.0,42.4,306.9,16.5,16.5,16.5,1.0,,,,,,,1.0,,,,,,,50,4.0,,,,,,1.0,1.0,1.0,,1.0,,1.0,0,1.0,fC,1.0,1.0,1.0,,B,568.0,555.0,577.0,572±5 Ma Concordia intercept U-Pb zircon date on a felsic dike within Grenville basement published in Aleinikoff et al. 1995 ( https://doi.org/10.2475/ajs.295.4.428) that is interpreted to be a feeder associated with the flows. A rhyolitic flow in the Catoctin has a 207Pb/206Pb zircon date of 564 ± 9 Ma. Assign the mean age of these two with the uncertainty bounds including the uncertainty of each.,Catoctin Basalts,"Meert, J.G., Van der Voo, R., Payne,T.W.",1994.0,J.Geophys.Res.,99,4625-4641,Paleomagnetism of the Catoctin volcanic province: a new Vendian-Cambrian apparent polar wander path for North America,
Laurentia,Callander Alkaline Complex,6458,A component,"C+,R-",0.0,46.200001,280.599998,26.0,205.0,82.199997,82.699997,,83.0,3.1,46.3,301.4,5.9,6.1,,1.0,82.699997,46.3,301.4,5.9,6.1,,1.0,82.699997,46.3,301.4,5.9,6.1,,12or88,4.0,,,,,,1.0,1.0,0.0,,1.0,,0.0,0,1.0,C,1.0,0.0,1.0,,B,,570.0,580.0,"Age of complex is not well-constrained, K-Ar biotite ages are 564±14 and 568 Ma from lamprophyre dikes, 575 Ma for nepheline syenite, unpublished Pb-Pb age from sphene, brookite, anatase, apatite, rutile ages of 550±4/576±3 with conflicting ages between published abstract and presentation according to Symons and and Chiasson (1991). The authors assumed the age of the complex to be 575±5 Ma, but this interpretation is rather qualitative. ",Callander Alkaline Complex,"Symons,D.T.A., Chiasson,A.D.",1991.0,Canad.J.Earth Sci.,28,355-363,Paleomagnetism of the Callander Complex and the Cambrian apparent polar wander path for North America,
Laurentia,Baie des Moutons complex A,9364,A direction,,0.0,50.8,301.0,8.0,87.0,98.6,78.0,,71.1,6.8,42.6,332.7,11.7,12.4,,1.0,78.0,42.6,332.7,11.7,12.4,,1.0,78.0,42.6,332.7,11.7,12.4,,0or100,4.0,,,,,,1.0,0.0,0.0,,1.0,,1.0,0,1.0,0,1.0,0.0,0.0,,B,,581.0,585.0,583.4±2.0 Ma weighted mean of four hornblende 40Ar–39Ar plateau ages from sites MB20 (B component site) and MB44 (A component site) from McCausland et al 2011 (same study as pole),Baie des Moutons A,"McCausland, P.J.A., Hankard, F., Van der Voo, R., Hall, C.M.",2011.0,Precambrian Res.,187,58-78,"Ediacaran paleogeography of Laurentia: Paleomagnetism and 40Ar–39Ar geochronology of the 583Ma Baie des Moutons syenite, Quebec",
Laurentia,Baie des Moutons complex B,9365,B direction,,0.0,50.8,301.0,6.0,56.0,163.1,6.0,,10.5,21.7,-34.2,321.5,10.9,21.8,,1.0,6.0,-34.2,321.5,10.9,21.8,,1.0,6.0,-34.2,321.5,10.9,21.8,,20or80,4.0,,,,,,1.0,0.0,0.0,,0.0,,1.0,0,1.0,0,1.0,0.0,0.0,,B,,581.0,585.0,583.4±2.0 Ma weighted mean of four hornblende 40Ar–39Ar plateau ages from sites MB20 (B component site) and MB44 (A component site) from McCausland et al 2011 (same study as pole),Baie des Moutons B,"McCausland, P.J.A., Hankard, F., Van der Voo, R., Hall, C.M.",2011.0,Precambrian Res.,187,58-78,"Ediacaran paleogeography of Laurentia: Paleomagnetism and 40Ar–39Ar geochronology of the 583Ma Baie des Moutons syenite, Quebec",Overlaps with Silurian (possible Salinic orogeny overprint)
Laurentia,Long Range Dykes,6934-6936,"Dykes 1,2,3,4 and 6",C+,0.0,53.7,303.3,5.0,92.0,110.3,56.8,,1000.0,14.1,19.0,355.3,14.8,20.5,,1.0,56.8,19.0,355.3,14.8,20.5,,1.0,56.8,19.0,355.3,14.8,20.5,,40or60,4.0,,,,,,1.0,1.0,1.0,,1.0,,1.0,0,1.0,c,1.0,0.0,1.0,,B,,613.0,617.0,"207Pb/206Pb zircon and baddeleyite ages of 615±2 Ma from Kamo et al., 1989. PR85-631 are from dike 2",Long Range Dykes,"Murthy,G.S., Gower,C., Tubett,M., Patzold,R.",1992.0,Canad.J.Earth Sci.,29,1224-1234,"Paleomagnetism of Eocambrian Long Range dykes and Double Mer Formation from Labrador, Canada",
Laurentia,Franklin event grand mean,new,Combined Result,C+,0.0,73.0,,56.0,1000.0,289.1,0.6,,1000.0,0.1,6.7,162.1,3.0,3.0,,1.0,0.6,6.7,162.1,3.0,3.0,,1.0,0.6,6.7,162.1,3.0,3.0,,MIXED,4.0,,,,,,1.0,1.0,1.0,1.0,0.0,,1.0,1,1.0,C,1.0,1.0,0.0,,A,,721.0,727.0,"723+4/-2 from U-Pb zircon ages of Heaman, 1992. The pmag study also dated zircon and baddeleyites, having ages ranging from 726 to 712 Ma",Franklin event grand mean,"Denyszyn,S.W., Halls,H.C., Davis,D.W., Evans,D.A.D.",2009.0,Canad.J.Earth Sci.,46,689-705,Paleomagnetism and U-Pb Geochronology of Franklin dykes in High Arctic Canada and Greenland: A revised age and paleomagnetic pole constraining block rotations in the Nares Strait region,Overlaps with Cambrian
Laurentia,Kwagunt Formation,9981,Component HT,"F+,Rc",100.0,36.3,248.1,23.0,71.0,98.2,-21.8,,43.4,4.6,14.2,163.8,3.5,3.5,3.5,0.6,-33.7,17.2,168.6,3.0,5.2,,0.6,-33.7,14.2,168.6,3.0,5.2,3.9,50,4.0,1.0,,,,,1.0,1.0,1.0,1.0,1.0,7.0,1.0,1,1.0,f,1.0,1.0,1.0,,A,,743.0,759.0,Re-Os age: 751.0+/-7.6 Ma; older than U-Pb: 729.0+/-0.9 Ma; see REFNO 4153,Kwagunt Formation,"Eyster, A., Weiss, B.P., Karlstrom, K., Macdonald, F.A.",2020.0,Geol.Soc.Amer.Bull.,132,710-738,Paleomagnetism of the Chuar Group and evaluation of the late Tonian Laurentian apparent polar wander path with implications for the makeup and breakup of Rodinia,
Laurentia,Uinta Mountain Group,9290,,,100.0,40.75,250.7,9.0,80.0,270.17,1.97,,61.5,6.62,0.8,161.3,3.3,6.6,4.7,0.6,3.3,1.2,161.8,3.3,6.6,4.7,0.6,3.3,1.2,161.8,3.3,6.6,4.7,45or55,4.0,,,,,,1.0,0.0,1.0,,0.0,,1.0,1,1.0,0,0.0,0.0,0.0,,B,,742.0,766.0,"maximum depositional age constraints from detrital zircon U-Pb data from Dehler et al., 2010 is 766±5 Ma. Using Chuar group DZ data constrains the younger bound",Uinta Mountain Group,"Weil, A.B., Geissman, J.W., Ashby, J.M.",2006.0,Precambrian Res.,147,234-259,"A new paleomagnetic pole for the Neoproterozoic Uinta Mountain supergroup, Central Rocky Mountain States, USA",Overlaps with Cambrian
Laurentia,Gunbarrel LIP,,Component HTC,,100.0,45.03,-109.88,14.0,92.0,276.3,-3.7,3.7,13.7,11.1,3.2,151.5,,,8.0,1.0,-3.7,3.2,151.5,,,8.0,,,,,,,,,,,,,,,,,,,,,1.0,1,1.0,1,1.0,0.0,1.0,6.0,A,779.5,776.5,782.5,"Multiple U-Pb ID-TIMS baddeleyite ages: 779.5 ± 3 Ma (BT-8), 779.6 ± 1.4 Ma (Gunbarrel sill), 779.5 ± 1.8 Ma (Calder sheet); all from Harlan et al. (2003).",Gunbarrel LIP,"Ding, J., Evans, D. A. D., Kilian, T., Mitchell, R. N., Gong, Z., Chamberlain, K., Bleeker, W., & Zhang, S.",2025.0,Journal of Geophysical Research: Solid Earth,130,,Local rotations biasing supercontinental configurations: Revisiting a key ca. 780 Ma paleomagnetic pole for Laurentia and Rodinia,
Laurentia,Haliburton Intrusions,9165,A Component,,0.0,45.0,281.400002,17.0,59.0,277.5,-71.800003,,23.0,3.8,-32.599998,141.899994,5.9,6.7,,1.0,-71.800003,-32.599998,141.899994,5.9,6.7,,1.0,-71.800003,-32.599998,141.899994,5.9,6.7,,0or100,4.0,,,,,,1.0,0.0,0.0,,0.0,,0.0,1,1.0,0,0.0,0.0,0.0,,B,,1000.0,1030.0,"ok, GPMDB4.6",Haliburton Intrusions,"Warnock,A.C., Kodama,K.P., Zeitler,P.K.",2000.0,J.Geophys.Res.,105,19435-19453,Using thermochronometry and low-temperature demagnetization to accurately date Precambrian paleomagnetic poles,Overlaps with steep Ediacaran
Laurentia,Nonesuch Shale,2053,,Fo,100.0,47.0,271.5,11.0,27.0,276.799988,8.1,,35.0,7.8,7.6,178.100006,3.9,7.8,,0.6,13.3,9.6,181.2,4.1,8.0,5.7,0.6,13.3,9.6,181.2,4.1,8.0,5.7,0,3.0,,,,,,1.0,0.0,1.0,,0.0,,0.0,0,1.0,1,1.0,1.0,1.0,,B,,1020.0,1080.0,", Wingate+02 est",Nonesuch Shale,"Henry,S.G., Mauk,F.J., Van der Voo,R.",1977.0,Canad.J.Earth Sci.,14,1128-1138,Paleomagnetism of the Upper Keweenawan sediments: the Nonesuch Shale and Freda Sandstone,
Laurentia,Freda Sandstone,2051,High temp.,Fo,100.0,47.0,271.5,20.0,85.0,272.399994,1.5,,32.0,5.9,2.2,179.0,3.0,5.9,,0.6,2.5,2.6,180.6,3.0,5.9,4.2,0.6,2.5,2.6,180.6,3.0,5.9,4.2,0,3.0,,,,,,1.0,0.0,1.0,,0.0,,0.0,0,1.0,1,1.0,1.0,1.0,,B,,1020.0,1080.0,"looser age constraints than listed in GPMDB4.6, Wingate+02 est",Freda Sandstone,"Henry,S.G., Mauk,F.J., Van der Voo,R.",1977.0,Canad.J.Earth Sci.,14,1128-1138,Paleomagnetism of the Upper Keweenawan sediments: the Nonesuch Shale and Freda Sandstone,Overlaps with Cambrian
Laurentia,Michipicoten Island Formation,9916,,,100.0,47.7,274.3,23.0,193.0,288.3,12.0,,30.0,5.6,17.0,174.7,4.4,4.4,4.4,1.0,12.0,17.0,174.7,4.4,4.4,4.4,1.0,12.0,17.0,174.7,4.4,4.4,4.4,0,4.0,,,,,,1.0,0.0,1.0,0.0,0.0,,1.0,1,1.0,0,1.0,0.0,0.0,,A,1084.0,1083.0,1085.0,"All VGPs between U-Pb zircon dates of 1084.35 ± 0.20 Ma and 1083.52 ± 0.23
Ma; Fairchild et al. 2017",Michipicoten Island Formation,"Fairchild, Luke M. and Swanson-Hysell, Nicholas L. and Ramezani, Jahandar and Sprain, Courtney J. and Bowring, Samuel A.",2017.0,Lithosphere,9,117-133,The end of Midcontinent Rift magmatism and the paleogeography of Laurentia,
Laurentia,Lake Shore Traps,9506,incorporates Diehl et al 1994 CJES,(C+ from Palmer+81; F+ implicit in good grouping after tilt-correction),100.0,47.599998,271.900002,31.0,374.0,283.0,35.7,,1000.0,0.1,23.1,186.4,4.0,4.0,,1.0,35.7,23.1,186.4,4.0,4.0,,1.0,35.7,23.1,186.4,4.0,4.0,,0,4.0,,,,,,1.0,1.0,1.0,,1.0,,1.0,1,1.0,C,1.0,0.0,1.0,,A,,1085.0,1089.0,"1087.2±1.6 date in andesite, Kulakov et al 2013",Lake Shore Traps,"Kulakov, E.V., Smirnov, A.V., Diehl, J.F.",2013.0,Canad.J.Earth Sci.,50,1085-1096,,
Laurentia,Central Arizona diabases -N,10016,"note also R group: 4 dykes very steep up (poor A95) + one antipodal direction dyke for each N, R group",,0.0,33.7,249.2,13.0,139.0,274.8,38.7,38.7,30.4,7.6,15.7,175.3,5.4,9.1,,1.0,38.7,15.7,175.3,5.4,9.1,,1.0,38.7,15.7,175.3,5.4,9.1,,0,4.0,,,,,,1.0,0.0,1.0,,1.0,,1.0,1,1.0,0,0.0,0.0,1.0,,A,,1077.0,1099.0,"1088±11 in Donadini+12 ext abst (ignoring the 1085 age due to problems with that site, two polarities, 2 ages), Donadini et al 2011",Central Arizona diabases -N,"Donadini, F., Pesonen, L.J., Korhonen, K., Deutsch, A., Harlan, S.S.",2011.0,Geophysica,47,,,
Laurentia,Schroeder Lutsen Basalts,9915,,,100.0,47.5,269.1,50.0,378.0,282.8,42.4,,39.6,3.2,27.1,187.8,3.0,3.0,3.0,1.0,42.4,27.1,187.8,3.0,3.0,3.0,1.0,42.4,27.1,187.8,3.0,3.0,3.0,0,4.0,,,,,,1.0,0.0,1.0,0.0,1.0,,1.0,1,1.0,0,1.0,0.0,1.0,,A,1090.0,1083.0,1092.0,Unit is younger than 1091.61 ± 0.14 Ma (U-Pb date on intrusion that is unconformably overlain),Schroeder Lutsen Basalts,"Fairchild, Luke M. and Swanson-Hysell, Nicholas L. and Ramezani, Jahandar and Sprain, Courtney J. and Bowring, Samuel A.",2017.0,Lithosphere,9,117-133,The end of Midcontinent Rift magmatism and the paleogeography of Laurentia,
Laurentia,Cardenas Basalts and Intrusions,9073,,co,100.0,36.080002,248.129997,16.0,114.0,285.5,57.0,,33.900002,6.4,32.0,185.0,6.8,9.3,,1.0,57.0,32.0,185.0,6.8,9.3,,1.0,57.0,32.0,185.0,6.8,9.3,,0,4.0,,,,,,1.0,0.0,1.0,,1.0,,1.0,1,1.0,c,1.0,0.0,1.0,,B,,1086.0,1096.0,1090±4.5 Ma from Ar-Ar biotite age developed in the same study as pmag. ,Cardenas Basalts and Intrusions,"Weil,A.B., Geissman,J.W., Heizler,M., Van der Voo,R.",2003.0,Tectonophysics,375,199-220,"Paleomagnetism of Middle Proterozoic mafic intrusions and Upper Proterozoic (Nankoweap) red beds from the Lower Grand Canyon Supergroup, Arisona",
Laurentia,Chengwatana Volcanics,8163,,Ro,100.0,45.400002,267.300003,8.0,60.0,287.5,45.8,,48.5,8.0,30.9,186.1,6.5,10.3,,1.0,45.8,30.9,186.1,6.5,10.3,,1.0,45.8,30.9,186.1,6.5,10.3,,25,4.0,,,,,,1.0,0.0,1.0,,1.0,,1.0,1,1.0,0,1.0,0.0,1.0,,B,,1093.0,1097.0,"1094.6±2.1 Ma 207Pb/206Pb age from 4 zircons from aphrytic rhyolite of the Chengwatana Volcanics, Zartman et al., 1997",Chengwatana Volcanics,"Kean,W.F., Williams.,I., Chan,L., Feeney,J.",1997.0,Geophys.Res.Lett.,24,1523-1526,"Magnetism of the Keweenawan age Chengwatana lava flows, northwest Wisconsin",
Laurentia,Portage Lake Volcanics,9507,A (MAG),"G*+, F+",100.0,47.0,271.2,28.0,1000.0,291.2,31.3,,24.5,5.6,26.7,178.0,3.5,6.3,,1.0,31.3,26.7,178.0,3.5,6.3,,1.0,31.3,26.7,178.0,3.5,6.3,,0,4.0,,,,,,1.0,1.0,1.0,,1.0,,1.0,1,1.0,fG,1.0,0.0,1.0,,A,,1092.0,1098.0,"1095±3, Davis+Paces 90",Portage Lake Volcanics,Hnat et al.,2006.0,Tectonophysics,425,,,
Laurentia,North Shore lavas -N,9856,"recalculated from all N lavas, excluding intrusives, sites above unconformity",Ro,100.0,46.3,268.7,61.0,279.0,293.9,44.0,,41.9,0.1,34.5,181.3,2.8,2.8,,1.0,44.0,34.5,181.3,2.8,2.8,,1.0,44.0,34.5,181.3,2.8,2.8,,0,4.0,,,,,,1.0,0.0,1.0,1.0,1.0,,1.0,1,1.0,0,1.0,1.0,1.0,,A,,1094.0,1100.0,"1098.4±2.0; 1096.6±1.8, Tauxe, L., Kodama, K.P., 2009",North Shore lavas -N,"Tauxe, L., Kodama, K.P.",2009.0,Phys. Earth Plan. Int.,177,31-45,,
Laurentia,Uppermost Mamainse Point volcanics -N,9513,,"G*+,R+",100.0,47.1,275.3,34.0,198.0,293.7,37.5,,92.0,0.1,31.2,183.2,2.5,2.5,,1.0,37.5,31.2,183.2,2.5,2.5,,1.0,37.5,31.2,183.2,2.5,2.5,,0,4.0,,,,,,1.0,1.0,1.0,1.0,1.0,,1.0,0,1.0,G,1.0,1.0,1.0,,A,,1095.0,1101.0,"1097; comparison to N Shore volcanic group, Swanson-Hysell et al. 2014 Geology",Uppermost Mamainse Point volcanics -N,"Swanson-Hysell, N.L., Burgess, S.D., Maloof, A.C., Bowring, S.A.",2014.0,Geology,42,475-478,,
Laurentia,"Mamainse Point volcanics -C (lower N, upper R)",9512,,"G*+,Ro",100.0,47.1,275.3,24.0,96.0,293.8,47.1,,34.0,0.1,36.1,189.7,4.9,4.9,,1.0,47.1,36.1,189.7,4.9,4.9,,1.0,47.1,36.1,189.7,4.9,4.9,,42,4.0,,,,,,1.0,1.0,1.0,,1.0,,1.0,1,1.0,G,1.0,1.0,1.0,,A,,1100.0,1101.0,"1100.36±0.25 U-Pb z , Swanson-Hysell et al. 2014 Geology","Mamainse Point volcanics -C (lower N, upper R)","Swanson-Hysell, N.L., Burgess, S.D., Maloof, A.C., Bowring, S.A.",2014.0,Geology,42,475-478,,
Laurentia,Upper Osler volcanics -R,9514,"incorporates Halls 1974; n.b. uppermost Osler has four flows with N polarity -not used here, but pass of Voo # 6; fold test positive >99% though not stated by authors","Ro,F+",100.0,48.7,272.4,59.0,346.0,110.7,-60.9,,1000.0,0.1,42.5,201.6,3.7,3.7,,1.0,-60.9,42.5,201.6,3.7,3.7,,1.0,-60.9,42.5,201.6,3.7,3.7,,100,4.0,,,1.0,,,1.0,1.0,1.0,1.0,1.0,,1.0,1,1.0,f,1.0,1.0,1.0,,A,,1103.0,1107.0,"Agate Pt rhyolite 1105.3±2.3 U-Pb, interbedded with Lower Osler R sites; Davis+Green 97, Swanson-Hysell et al., 2014 G3",Upper third Osler volcanics -R,"Swanson-Hysell, N., Vaughan, A.A., Mustain, M.R., Asp, K.E.",2014.0,Geochem. Geophys. Geosyst.,15,2039-2047,,
Laurentia,Lower Mamainse Point volcanics -R2,9511,,"G*+,R+",100.0,47.1,275.3,14.0,57.0,106.2,-58.3,,69.0,0.1,37.5,205.2,4.5,4.5,,1.0,-58.3,37.5,205.2,4.5,4.5,,1.0,-58.3,37.5,205.2,4.5,4.5,,100,4.0,,,,,,1.0,1.0,1.0,1.0,1.0,,1.0,0,1.0,G,1.0,1.0,1.0,,A,,1103.0,1107.0,"1105 by comparison with Osler R Upper third direction , Swanson-Hysell et al. 2014 Geology",Lower Mamainse Point volcanics -R2,"Swanson-Hysell, N.L., Burgess, S.D., Maloof, A.C., Bowring, S.A.",2014.0,Geology,42,475-478,,
Laurentia,Middle Osler volcanics -R,10017,,Ro,100.0,48.8,272.4,20.0,139.0,105.9,-64.9,,36.5,5.5,42.7,211.3,8.2,8.2,,1.0,-64.9,42.7,211.3,8.2,8.2,,1.0,-64.9,42.7,211.3,8.2,8.2,,100,4.0,,,,,,1.0,0.0,1.0,1.0,1.0,,1.0,1,1.0,0,1.0,1.0,1.0,,A,,1103.0,1110.0,"interpolated 1107, Swanson-Hysell et al., 2014 G3",Middle third Osler volcanics -R,"Swanson-Hysell, N., Vaughan, A.A., Mustain, M.R., Asp, K.E.",2014.0,Geochem. Geophys. Geosyst.,15,2039-2047,,
Laurentia,Coldwell Complex,9838,,Rb,0.0,48.8,273.6,40.0,238.0,114.8,-63.7,,50.4,3.6,47.2,206.7,4.8,4.8,,1.0,-63.7,47.2,206.7,4.8,4.8,,1.0,-63.7,47.2,206.7,4.8,4.8,,25or75,4.0,1.0,,1.0,1.0,1.0,1.0,0.0,1.0,1.0,1.0,6.0,1.0,1,1.0,0,1.0,1.0,1.0,,B,,1105.0,1109.0,"U-Pb: 1108+/-1, 1105+5/-1, 120.8+/-0.9, 1109+8/-4 Ma",Colwell Complex,"Kulakov, E.V., Smirnov, A.V., Diehl, J.F.",2014.0,J.Geophys.Res.,119,8633-8654,"Paleomagnetism of the ~1.1Ga Coldwell Complex (Ontario, Canada): Implications for Proterozoic geomagnetic field morphology and plate velocities",
Laurentia,Lower Osler volcanics -R,9515,,Ro,100.0,48.8,272.3,30.0,179.0,99.3,-68.0,,62.2,3.4,40.9,218.6,4.8,4.8,,1.0,-68.0,40.9,218.6,4.8,4.8,,1.0,-68.0,40.9,218.6,4.8,4.8,,100,4.0,,,,,,1.0,0.0,1.0,1.0,1.0,,1.0,1,1.0,0,1.0,1.0,1.0,,A,,1105.0,1111.0,"interpolated 1109; has to be older then 1107.5 +4/-2 intrusion, Swanson-Hysell et al., 2014 G3",Lower third Osler volcanics -R,"Swanson-Hysell, N., Vaughan, A.A., Mustain, M.R., Asp, K.E.",2014.0,Geochem. Geophys. Geosyst.,15,2039-2047,,
Laurentia,Lowermost Mamainse Point volcanics -R1,9510,,G*+,100.0,47.1,275.3,24.0,117.0,112.5,-72.9,,29.0,0.1,49.5,227.0,5.3,5.3,,1.0,-72.9,49.5,227.0,5.3,5.3,,1.0,-72.9,49.5,227.0,5.3,5.3,,100,4.0,,,,,,1.0,1.0,1.0,1.0,1.0,,1.0,1,1.0,G,1.0,1.0,1.0,,A,,1105.0,1111.0,"older than 1107 +/- 2 constraint on Siemens Ck Fm, Swanson-Hysell et al. 2014 Geology",Lowermost Mamainse Point volcanics -R1,"Swanson-Hysell, N.L., Burgess, S.D., Maloof, A.C., Bowring, S.A.",2014.0,Geology,42,475-478,,
Laurentia,MEAN Nipigon sills and lavas,new,"8-unit mean of: Inspiration sills, Pillar Lake lava, Seagull intrusion (Borradaile+06), Nipigon sills (Middleton+04), Logan sills R x3 (Pesonen 79, Robertson+Fahrig 71, Palmer 70), Thunder Bay R dykes (Pesonen 79)",C*+,0.0,49.1,270.9,86.0,1000.0,107.6,-70.9,,1000.0,0.1,47.2,217.8,4.0,4.0,,1.0,-70.9,47.2,217.8,4.0,4.0,,1.0,-70.9,47.2,217.8,4.0,4.0,,100,3.0,,,,,,1.0,1.0,1.0,,1.0,,1.0,0,1.0,c,1.0,0.0,1.0,,A,,1107.0,1115.0,"range of ages with uncertainties, Davis+Sutcliffe 85; Heaman+07",MEAN Nipigon sills and lavas,LULEÅ WORKING GROUP MEAN,2009.0,,,,,
Laurentia,Abitibi Dykes,7193,,"C+,R? (revision to exclude A1)",0.0,48.0,279.0,7.0,197.0,295.0,65.5,,41.0,9.5,48.8,215.5,14.1,14.1,,1.0,65.5,48.8,215.5,14.1,14.1,,1.0,65.5,48.8,215.5,14.1,14.1,,15or85,4.0,,,,,,1.0,1.0,1.0,,1.0,,1.0,0,1.0,C,1.0,1.0,1.0,,A,,1139.0,1143.0,"1141±2; lomagage should be changed to 1139.  Note dyke A1 no longer part of swarm: redated by Halls+08 at 2170 Ma, GPMDB4.6",Abitibi Dykes,"Ernst,R.E., Buchan,K.L.",1993.0,Canad.J.Earth Sci.,30,1886-1897,"Paleomagnetism of the Abitibi dyke swarm, southern Superior Province, and implications for the Logan Loop",
Laurentia,NW Ontario Lamprophyre Dykes and Abitibi Dykes,9887,Combined result,"C+,Rc",0.0,48.4,-86.4,27.0,332.0,303.1,70.2,,38.4,4.5,55.8,220.0,7.3,7.3,,1.0,70.2,55.8,220.0,7.3,7.3,7.3,1.0,70.2,55.8,220.0,7.3,7.3,7.3,48or52,5.0,1.0,,,,,1.0,1.0,1.0,1.0,1.0,7.0,1.0,1,1.0,C,1.0,1.0,1.0,,A,,1139.0,1150.0,40Ar/39Ar age 1144+6/-4 Ma see REFNO 4084; U-Pb age 1140.6+/-2 Ma see REFNO 2773,NW Ontario Lamprophyre Dykes and Abitibi Dykes,"Piispa, E.L., Smirnov, A.V., Pesonen, L.J., Mitchell, R.H.",2018.0,J.Geophys.Res.,123,doi:10.1029/2018JB015992,"Paleomagnetism and Geochemistry of ~1144-Ma Lamprophyre Dikes, Northwestern Ontario: Implications for the North American Polar Wander and Plate Velocities",
Laurentia,Sudbury Dykes Combined,2175,Combined Result,C+,0.0,46.299999,278.599998,52.0,205.0,265.200012,2.3,,1000.0,3.5,-2.5,192.800003,2.5,2.5,,1.0,2.3,-2.5,192.800003,2.5,2.5,,1.0,2.3,-2.5,192.800003,2.5,2.5,,0,3.0,,,,,,1.0,1.0,1.0,,1.0,,1.0,0,1.0,C,1.0,0.0,1.0,,A,,1232.0,1242.0,"ok on age; demag good in Stupavsky+Symons 82; and also maybe Schwarz+Buchan 82, GPMDB4.6",Sudbury Dykes Combined,"Palmer,H.C., Merz,B.A., Hayatsu,A.",1977.0,Canad.J.Earth Sci.,14,1867-1887,"The Sudbury dikes of the Grenville Front region: paleomagnetism, petrochemistry, and K-Ar age studies",
Laurentia,Mackenzie dykes grand mean,B+00,"from Buchan+00, after Buchan+Halls 90",C+,0.0,65.0,250.0,5.0,1000.0,243.9,29.7,,1000.0,0.1,4.0,190.0,5.0,5.0,,1.0,29.7,4.0,190.0,5.0,5.0,,1.0,29.7,4.0,190.0,5.0,5.0,,0or100,3.0,,,,,,1.0,1.0,1.0,,1.0,,1.0,1,1.0,C,1.0,0.0,1.0,,A,,1265.0,1269.0,"ca.1267, GPMDB4.6",Mackenzie dykes grand mean,Buchan et al.,2000.0,Tectonophysics,319,167-198,Comparing the drift of Laurentia and Baltica in the Proterozoic: the importance of key palaeomagnetic poles,
Laurentia,Nain Anorthosite,2180,,Rb,0.0,56.5,298.200001,21.0,101.0,277.799988,17.4,,116.0,3.0,11.7,206.699997,1.6,3.1,,1.0,17.4,11.7,206.699997,1.6,3.1,,1.0,17.4,11.7,206.699997,1.6,3.1,,24,3.0,,,,,,1.0,0.0,0.0,,1.0,,0.0,0,1.0,0,1.0,0.0,1.0,,B,,1283.0,1327.0,1305±22 Ma. The Kiglapait Intrusion of the Nain anorthosite complex has Sm/Nd whole rock isochron age from DePaolo (1985),Nain Anorthosite,"Murthy,G.S.",1978.0,Canad.J.Earth Sci.,15,516-525,Paleomagnetic results from the Nain anorthosite and their tectonic implications,
Laurentia,"Pilcher, Garnet Range and Libby Formations",9030,,F+,100.0,46.700001,246.400002,4.0,76.0,28.4,-32.5,,102.199997,9.1,-19.200001,215.300003,7.7,7.7,,0.6,-46.7,11.0,41.1,7.6,11.7,9.4,0.6,-46.7,11.0,41.1,7.6,11.7,9.4,100,4.0,,,,,,1.0,1.0,1.0,,1.0,,0.0,1,1.0,f,1.0,0.0,1.0,,A,,1362.0,1407.0,"ok, GPMDB4.6","Pilcher, Garnet Range and Libby Formations","Elston, D.P., Enkin, R.J., Baker, J., Kisilevsky, D.K.",2002.0,Geol.Soc.Amer.Bull.,114,619-638,"Tightening the Belt: Paleomagnetic-stratigraphic constraints on deposition, correlation, and deformation of the Middle Proterozoic (ca. 1.4 Ga) Belt-Purcell Supergroup, United States and Canada",
Laurentia,McNamara Formation,9031,,"F+,Rc",100.0,46.900002,246.400002,10.0,195.0,37.200001,-36.599998,,42.799999,7.5,-13.5,208.300003,6.7,6.7,,0.6,-51.1,4.5,35.4,6.9,10.1,8.4,0.6,-51.1,4.5,35.4,6.9,10.1,8.4,70,4.0,,,,,,1.0,1.0,1.0,,1.0,,1.0,1,1.0,f,1.0,1.0,1.0,,A,,1395.0,1407.0,"1401±6, GPMDB4.6",McNamara Formation,"Elston, D.P., Enkin, R.J., Baker, J., Kisilevsky, D.K.",2002.0,Geol.Soc.Amer.Bull.,114,619-638,"Tightening the Belt: Paleomagnetic-stratigraphic constraints on deposition, correlation, and deformation of the Middle Proterozoic (ca. 1.4 Ga) Belt-Purcell Supergroup, United States and Canada",
Laurentia,Mistastin Pluton,2271,,Ro,0.0,55.599998,296.299999,7.0,35.0,93.5,7.0,,48.5,8.8,-1.0,201.5,7.6,7.6,,1.0,7.0,-1.0,201.5,7.6,7.6,,1.0,7.0,-1.0,201.5,7.6,7.6,,87,2.0,,,,,,0.0,0.0,0.0,,1.0,,0.0,0,1.0,0,1.0,0.0,1.0,,B,,1400.0,1450.0,"ca.1420, unpubl Emslie in Gower+Krogh 02",Mistastin Pluton,"Fahrig,W.F., Jones,D.L.",1976.0,Canad.J.Earth Sci.,13,832-837,"The paleomagnetism of the Helikian Mistatin pluton, Labrador, Canada",
Laurentia,MEAN Rocky Mountain intrusions,new,"3 studies (Electra Lake 8342, Laramie anorthosite 7493, Sherman 7494)",Ro,0.0,40.3,253.8,58.0,434.0,41.1,-46.6,,1000.0,0.1,-11.9,217.4,9.7,9.7,,1.0,-46.6,-11.9,217.4,9.7,9.7,,1.0,-46.6,-11.9,217.4,9.7,9.7,,MIXED,4.0,,,,,,1.0,0.0,0.0,,1.0,,,,,,,,,,B,,1415.0,1445.0,"1415-1445, range of ages",MEAN Rocky Mountain intrusions,LULEÅ WORKING GROUP MEAN,2009.0,,,,,
Laurentia,Purcell Lava,9037,Primary,F+,100.0,49.400002,245.099998,10.0,166.0,26.6,-25.700001,,64.0,6.1,-23.6,215.600006,4.8,4.8,,1.0,-25.700001,-23.6,215.600006,4.8,4.8,,1.0,-25.700001,-23.6,215.600006,4.8,4.8,,100,4.0,,,,,,1.0,1.0,1.0,,0.0,,1.0,1,1.0,f,1.0,0.0,0.0,,A,,1436.0,1450.0,"ok, GPMDB4.6",Purcell Lava,"Elston, D.P., Enkin, R.J., Baker, J., Kisilevsky, D.K.",2002.0,Geol.Soc.Amer.Bull.,114,619-638,"Tightening the Belt: Paleomagnetic-stratigraphic constraints on deposition, correlation, and deformation of the Middle Proterozoic (ca. 1.4 Ga) Belt-Purcell Supergroup, United States and Canada",
Laurentia,Tobacco Root Dykes - A combined,9291,,,0.0,47.4,247.6,14.0,157.0,225.0,61.8,,27.9,7.7,8.7,216.1,9.2,11.9,10.5,1.0,61.8,8.7,216.1,9.2,11.9,10.5,1.0,61.8,8.7,216.1,9.2,11.9,10.5,43or57,4.0,,,,,,1.0,0.0,1.0,,0.0,,0.0,1,1.0,c,0.0,0.0,0.0,,B,,,,"Tobacco Root Mountains group A dikes Sm-Nd age of 1448±49 Ma from Harlan, 2005",Tobacco Root Dykes - A combined,"Harlan, S.S., Geissman, J.W., Snee, L.W.",2008.0,Precambrian Res.,163,239-264,"Paleomagnetism of Proterozoic mafic dikes from the Tobacco Root Mountains, southwest Montana",Overlaps with Nain Anorthosite
Laurentia,Snowslip Formation,9038,Primary,"F+,Ro",100.0,47.900002,245.900002,9.0,295.0,30.9,-20.6,,128.800003,4.6,-24.9,210.199997,3.5,3.5,,0.6,-32.1,19.1,34.7,2.9,5.2,3.9,0.6,-32.1,19.1,34.7,2.9,5.2,3.9,MIXED,4.0,,,,,,1.0,1.0,1.0,,1.0,,1.0,0,1.0,f,1.0,1.0,1.0,,A,,1436.0,1463.0,"1436-1463, new lomagage",Snowslip Formation,"Elston, D.P., Enkin, R.J., Baker, J., Kisilevsky, D.K.",2002.0,Geol.Soc.Amer.Bull.,114,619-638,"Tightening the Belt: Paleomagnetic-stratigraphic constraints on deposition, correlation, and deformation of the Middle Proterozoic (ca. 1.4 Ga) Belt-Purcell Supergroup, United States and Canada",
Laurentia,Spokane Formation,9039,Primary,F+,100.0,48.200001,246.800003,8.0,231.0,206.300003,23.700001,,86.400002,6.0,-24.799999,215.5,4.7,4.7,,0.6,36.2,-17.8,220.9,4.1,7.0,5.3,0.6,36.2,-17.8,220.9,4.1,7.0,5.3,0,4.0,,,,,,1.0,1.0,1.0,,1.0,,1.0,1,1.0,f,1.0,0.0,1.0,,A,,1445.0,1470.0,"pre-1454±9, slightly revised from GPMDB4.6",Spokane Formation,"Elston, D.P., Enkin, R.J., Baker, J., Kisilevsky, D.K.",2002.0,Geol.Soc.Amer.Bull.,114,619-638,"Tightening the Belt: Paleomagnetic-stratigraphic constraints on deposition, correlation, and deformation of the Middle Proterozoic (ca. 1.4 Ga) Belt-Purcell Supergroup, United States and Canada",
Laurentia,Michikamau Intrusion Combined,2274,Combined Result,"C+,Ro",0.0,54.5,296.0,12.0,54.0,259.5,11.0,,43.0,6.5,-1.5,217.5,3.3,6.6,,1.0,11.0,-1.5,217.5,3.3,6.6,,1.0,11.0,-1.5,217.5,3.3,6.6,,8,3.0,,,,,,1.0,1.0,0.0,,1.0,,1.0,0,1.0,C,1.0,1.0,1.0,,A,,1455.0,1465.0,"ok, GPMDB4.6",Michikamau Intrusion Combined,"Emslie,R.F., Irving,E., Park,J.K.",1976.0,Canad.J.Earth Sci.,13,1052-1057,"Further paleomagnetic results from the Michikamau Intrusion, Labrador",
Laurentia,St.Francois Mountains Acidic Rocks,8932,,"C*+,F+,G+",100.0,37.5,269.5,18.0,103.0,233.399994,36.900002,,27.0,6.8,-13.2,219.0,4.7,8.0,,1.0,36.900002,-13.2,219.0,4.7,8.0,,1.0,36.900002,-13.2,219.0,4.7,8.0,,0or100,4.0,,,,,,1.0,1.0,1.0,,1.0,,0.0,1,1.0,cfg,1.0,0.0,1.0,,A,,1460.0,1492.0,"ok, GPMDB4.6",St.Francois Mountains Acidic Rocks,"Meert, J.G., Stuckey, W.",2002.0,Tectonics,21(2),"1007, doi:10.1029/2000TC001265","Revisiting the paleomagnetism of the 1.476 Ga St.Francois Mountains igneous province, Missouri.",
Laurentia,Western Channel Diabase,2669,,"Co,C+ in Irving+04",0.0,66.400002,242.199997,35.0,130.0,356.0,-50.0,,35.0,6.0,9.0,245.0,5.1,8.6,,1.0,-50.0,9.0,245.0,5.1,8.6,,1.0,-50.0,9.0,245.0,5.1,8.6,,100,2.0,,,,,,0.0,1.0,1.0,,1.0,,1.0,0,1.0,C,1.0,0.0,1.0,,A,,1587.0,1593.0,"ca.1590, GAC 07 Yellowknife",Western Channel Diabase,"Irving,E., Donaldson,J.A., Park,J.K.",1972.0,Canad.J.Earth Sci.,9,960-971,"Paleomagnetism of the Western Channel Diabase and associated rocks, Northwest Territories",
Laurentia,Cleaver Dykes,9139,,"C+, C*+",0.0,67.5,241.970001,17.0,102.0,136.5,57.400002,,64.0,4.5,19.4,276.700012,6.1,6.1,,1.0,57.400002,19.4,276.700012,6.1,6.1,,1.0,57.400002,19.4,276.700012,6.1,6.1,,0or100,4.0,,,,,,1.0,1.0,1.0,,1.0,,1.0,0,1.0,Cc,1.0,0.0,1.0,,A,,1736.0,1745.0,"ok, GPMDB4.6",Cleaver Dykes,"Irving,E., Baker,J., M. Hamilton,M., Wynne,P.J.",2004.0,Precambrian Res.,129,251-270,"Early Proterozoic geomagnetic field in western Laurentia: implications for paleolatitudes, local rotations and stratigraphy",
Laurentia,NE trending ECMB Diabase Dykes,9970,Magnetite component,C*+,0.0,45.5,265.7,23.0,148.0,,,,,,20.4,265.8,4.5,4.5,4.5,1.0,,20.4,265.8,4.5,4.5,4.5,1.0,,20.4,265.8,4.5,4.5,4.5,0or100,4.0,1.0,1.0,1.0,1.0,1.0,1.0,1.0,1.0,0.0,1.0,6.0,1.0,1,1.0,c,1.0,0.0,1.0,,A,,1776.0,1783.0,Older than 1777+/-1 Ma; older than 1782+/-1 Ma,NE trending ECMB Diabase Dykes,"Swanson‐Hysell, N.L. et al.",2021.0,Tectonics,40,e2021TC006751,The Paleogeography of Laurentia in Its Early Years: New Constraints From the Paleoproterozoic East-Central Minnesota Batholith,
Laurentia,Dubawnt Group,2737,,"C+,Rc",100.0,64.099998,265.599998,30.0,130.0,347.0,-50.0,,17.0,7.0,7.0,277.0,8.0,8.0,,0.6,-63.3,-19.4,95.3,8.7,11.0,9.8,0.6,-63.3,-19.4,95.3,8.7,11.0,9.8,63,3.0,,,,,,1.0,1.0,1.0,,0.0,,0.0,0,1.0,C,0.0,1.0,0.0,,B,,1750.0,1820.0,"possibly ca.1750 ovp (Th.Raub 08 PhD thesis); ages from eastern Baker Lake ca.1810 Ma, Rainbird ages, Th.Raub thesis",Dubawnt Group,"Park,J.K., Irving,E., Donaldson,J.A.",1973.0,Geol.Soc.Amer.Bull.,84,859-870,Paleomagnetism of the Dubawnt Group,Overlaps with a Devonian pole
Laurentia-Greenland,Melville Bugt diabase dykes,9495,,R,0.0,74.5834,,9.0,54.0,33.1,-31.2,,29.0,0.1,5.0,273.8,8.7,8.7,,1.0,-31.2,5.0,273.8,8.7,8.7,,1.0,-31.2,5.0,273.8,8.7,8.7,,44or56,,,,,,,1.0,0.0,1.0,1.0,1.0,,1.0,1,1.0,0,1.0,1.0,1.0,,B,,1628.0,1638.0,"U-Pb badd (1635 +/- 2.7; 1632 +/- 1.1; 1629.4 +/- 0.8), mixed polarity ",Melville Bugt diabase,"Halls, H.C., Hamilton, M.A., Denyszyn, S.W.",2011.0,"In:Srivastava, S.W. (ed), Dyke Swarms, DOI 10.1007/978-3-642-12496-9_27",,509-535,The Melville Bugt Dyke Swarm of Greenland: A Connection to the 1.5-1.6 Ga Fennoscandian Rapakivi Granite Province?,
Laurentia-Greenland,Victoria Fjord dolerite dykes,489,,C+,0.0,81.5,315.299999,12.0,92.0,265.200012,21.5,,60.0,5.6,10.3,231.699997,3.1,5.9,,1.0,21.5,10.3,231.699997,3.1,5.9,,1.0,21.5,10.3,231.699997,3.1,5.9,,0or100,,,,,,,1.0,1.0,1.0,0.0,1.0,,1.0,1,1.0,c,1.0,0.0,1.0,,B,,1380.0,1384.0,"U-Pb dating of baddeleyite from intrusive Midsommersø Dolerites yields an age of 1382 ± 2 Ma (Upton et al., 2005)",Victoria Fjord Dolerite Dykes,"Abrahamsen, N., Van der Voo, R.",1987.0,Geophys.JRAS,91,597-611,Palaeomagnetism of middle Proterozoic (c.1.25 Ga) dykes from central North Greenland,
Laurentia-Greenland,Midsommersoe Dolerite,99,,,0.0,81.6,,10.0,100.0,85.599998,-14.5,,39.0,7.8,6.9,242.0,5.1,5.1,,1.0,-14.5,6.9,242.0,5.1,5.1,,1.0,-14.5,6.9,242.0,5.1,5.1,,0or100,,,,,,,1.0,0.0,1.0,0.0,1.0,,1.0,0,1.0,0,1.0,0.0,1.0,,B,,1380.0,1384.0,"U-Pb dating of baddeleyite from intrusive Midsommersø Dolerites yields an age of 1382 ± 2 Ma (Upton et al., 2005)",Midsommersoe Dolerite,"Marcussen, C., Abrahamsen, N.",1983.0,Geophys.JRAS,73,367-387,"Palaeomagnetism of the Proterozoic Zig-Zag Dal Basalt and the Midsommerso dolerites, eastern North Greenland",
Laurentia-Greenland,Zig-Zag Dal Basalts,98,,,0.0,81.199997,334.799999,19.0,135.0,93.599998,-22.0,,37.0,5.5,12.0,242.800003,3.8,3.8,,1.0,-22.0,12.0,242.800003,3.8,3.8,,1.0,-22.0,12.0,242.800003,3.8,3.8,,0or100,,,,,,,1.0,0.0,1.0,0.0,1.0,,1.0,0,1.0,0,1.0,0.0,1.0,,B,,1380.0,1384.0,"U-Pb dating of baddeleyite from intrusive Midsommersø Dolerites yields an age of 1382 ± 2 Ma (Upton et al., 2005)",Zig-Zag Dal Basalts,"Marcussen, C., Abrahamsen, N.",1983.0,Geophys.JRAS,73,367-387,"Palaeomagnetism of the Proterozoic Zig-Zag Dal Basalt and the Midsommerso dolerites, eastern North Greenland",
Laurentia-Greenland,Kungnat Ring Dyke,2107,,,0.0,61.200001,311.700001,4.0,18.0,292.0,-15.4,,455.0,4.3,3.4,198.699997,2.3,4.4,,1.0,-15.4,3.4,198.699997,2.3,4.4,,1.0,-15.4,3.4,198.699997,2.3,4.4,,0or100,,,,,,,1.0,0.0,1.0,0.0,1.0,,1.0,0,1.0,0,1.0,0.0,1.0,,B,,1273.0,1277.0,1275.2±1.8 Ma U-Pb and 2 sigma uncertainty date from Upton 2003. measurement data never published and not sure what material was used,Kungnat Ring Dyke,"Piper, J.D.A., Stearn, J.E.F.",1977.0,Physics Earth Planet. Int.,14,345-358,"Palaeomagnetism of the dyke swarms of the Gardar Igneous Province, South Greenland",
Laurentia-Greenland,North Qoroq Intr.,6607,,,0.0,61.15,314.6,12.0,65.0,295.700012,2.5,,15.0,12.0,13.2,202.600006,5.9,11.7,,1.0,2.5,13.2,202.600006,5.9,11.7,,1.0,2.5,13.2,202.600006,5.9,11.7,,8or92,,,,,,,1.0,0.0,0.0,1.0,1.0,,1.0,1,1.0,1,1.0,0.0,1.0,,B,,1274.0,1276.0,1275.3±1.1 Ma U-Pb and 2 sigma uncertainty date from Upton 2003. measurement data never published and not sure what material was used,North Qoroq Intr.,"Piper, J.D.A.",1992.0,Precambrian Res.,54,153-172,"The palaeomagnetism of major (Middle Proterozoic) igneous complexes, South Greenland and the Gardar apparent polar wander track",
Laurentia-Greenland,West Gardar Dolerite Dykes,2106,,,0.0,61.200001,311.700001,24.0,138.0,291.5,-3.3,,11.0,9.4,8.700000000000001,201.699997,4.7,9.4,,1.0,-3.3,8.700000000000001,201.699997,4.7,9.4,,1.0,-3.3,8.700000000000001,201.699997,4.7,9.4,,0or100,,,,,,,1.0,0.0,1.0,0.0,1.0,,,,,,,,,,B,,1236.0,1251.0,"1236-1251, f",West Gardar Dolerite Dykes,"Piper, J.D.A., Stearn, J.E.F.",1977.0,Physics Earth Planet. Int.,14,345-358,"Palaeomagnetism of the dyke swarms of the Gardar Igneous Province, South Greenland",
Laurentia-Greenland,West Gardar Lamprophyre Dykes,2108,,,0.0,61.200001,311.700001,9.0,51.0,284.799988,-8.600000000000001,,28.0,10.0,3.2,206.399994,5.1,10.1,,1.0,-8.600000000000001,3.2,206.399994,5.1,10.1,,1.0,-8.600000000000001,3.2,206.399994,5.1,10.1,,0or100,,,,,,,1.0,0.0,1.0,0.0,1.0,,,,,,,,,,B,,1227.0,1249.0,"CHECK AGE, f",West Gardar Lamprophyre Dykes,"Piper, J.D.A., Stearn, J.E.F.",1977.0,Physics Earth Planet. Int.,14,345-358,"Palaeomagnetism of the dyke swarms of the Gardar Igneous Province, South Greenland",
Laurentia-Greenland,Hviddal Giant Dyke,2132,,,0.0,60.900002,313.700001,7.0,38.0,294.299988,42.700001,,38.0,9.8,33.200001,215.300003,7.6,12.2,,1.0,42.700001,33.200001,215.300003,7.6,12.2,,1.0,42.700001,33.200001,215.300003,7.6,12.2,,0or100,,,,,,,1.0,0.0,1.0,0.0,1.0,,,,,,,,,,B,,1179.0,1189.0,"1184±5, f",Hviddal Giant Dyke,"Piper, J.D.A.",1977.0,BGS Denmark,26,85-94,"Palaeomagnetism of the giant dykes of Tugtutoq and Narssaq Gabbro, Gardar Igneous Province, South Greenland",
Laurentia-Greenland,Narssaq Gabbro,2133,,,0.0,60.900002,313.799999,4.0,22.0,285.299988,46.79999900000001,,97.0,9.4,31.6,225.399994,7.8,12.1,,1.0,46.79999900000001,31.6,225.399994,7.8,12.1,,1.0,46.79999900000001,31.6,225.399994,7.8,12.1,,0or100,,,,,,,1.0,0.0,1.0,0.0,1.0,,,,,,,,,,B,,1179.0,1189.0,"1184±5 assoc'd with Hviddal giant dyke, f",Narssaq Gabbro,"Piper, J.D.A.",1977.0,BGS Denmark,26,85-94,"Palaeomagnetism of the giant dykes of Tugtutoq and Narssaq Gabbro, Gardar Igneous Province, South Greenland",
Laurentia-Greenland,South Qoroq Intr.,6610,,,0.0,61.15,314.6,9.0,67.0,299.899994,51.200001,,20.0,12.0,41.79999900000001,215.899994,10.8,15.9,,1.0,51.200001,41.79999900000001,215.899994,10.8,15.9,,1.0,51.200001,41.79999900000001,215.899994,10.8,15.9,,0or100,,,,,,,1.0,1.0,0.0,0.0,1.0,,1.0,1,1.0,C,0.0,0.0,1.0,,A,,1161.0,1165.0,"1160±8 Rb-Sr, also 1163±2 U-Pb on assoc'd younger giant dykes, f",South Qoroq Intr.,"Piper, J.D.A.",1992.0,Precambrian Res.,54,153-172,"The palaeomagnetism of major (Middle Proterozoic) igneous complexes, South Greenland and the Gardar apparent polar wander track",
Laurentia-Greenland,Giant Gabbro Dykes,2131,,,0.0,60.900002,313.700001,13.0,73.0,292.200012,56.5,,30.0,7.6,42.29999900000001,226.100006,8.0,11.1,,1.0,56.5,42.29999900000001,226.100006,8.0,11.1,,1.0,56.5,42.29999900000001,226.100006,8.0,11.1,,0or100,,,,,,,1.0,0.0,1.0,0.0,1.0,,,,,,,,,,B,,1161.0,1165.0,"1163±2, f",Giant Gabbro Dykes,"Piper, J.D.A.",1977.0,BGS Denmark,26,85-94,"Palaeomagnetism of the giant dykes of Tugtutoq and Narssaq Gabbro, Gardar Igneous Province, South Greenland",
Laurentia-Greenland,NE-SW Trending Dyke Swarm,6609,,,0.0,61.15,314.6,18.0,102.0,282.899994,50.900002,,46.0,5.0,33.400002,230.800003,4.7,6.9,,1.0,50.900002,33.400002,230.800003,4.7,6.9,,1.0,50.900002,33.400002,230.800003,4.7,6.9,,0or100,,,,,,,1.0,0.0,1.0,0.0,1.0,,,,,,,,,,B,,1155.0,1165.0,"younger than 1163 giant dykes, older than 1156±1 central Tugtutoq pluton, s",NE-SW Trending Dyke Swarm,"Piper, J.D.A.",1992.0,Precambr.Res.,54,153-172,"The palaeomagnetism of major (Middle Proterozoic) igneous complexes, South Greenland and the Gardar apparent polar wander track",
Laurentia-Greenland-Nain,Kangamiut Dykes,3222,,,0.0,66.0,307.0,23.0,157.0,220.0,56.0,,190.0,2.1,17.1,273.799988,2.2,3.2,,1.0,56.0,17.1,273.799988,2.2,3.2,,1.0,56.0,17.1,273.799988,2.2,3.2,,0or100,,,,,,,0.0,1.0,1.0,0.0,0.0,,,,,,,,,,B,,2030.0,2054.0,"2543, 2766, mixed polarity?",Kangamiut Dykes,"Fahrig, W.F., Bridgwater, D.",1976.0,Early Hist. of Earth,,427-439,Late Archean-Early Proterozoic paleomagnetic pole positions from West Greenland,Looks like Victoria Fjord and Tobacco Root
Laurentia-Rae,Martin Formation,2659,,"F+,Ro",100.0,59.599998,251.400002,15.0,56.0,322.5,-29.4,,15.0,10.4,-9.0,288.0,6.3,11.5,,0.6,-43.2,-0.2,104.8,8.0,12.9,10.2,0.6,-43.2,-0.2,104.8,8.0,12.9,10.2,60,2.0,,,,,,0.0,1.0,1.0,,0.0,,1.0,0,0.0,f,1.0,1.0,0.0,,A,,1814.0,1822.0,"1818±4, NEW",Martin Formation,"Evans,M.E., Bingham,D.K.",1973.0,Canad.J.Earth Sci.,10,1485-1493,"Paleomagnetism of the Precambrian Martin Formation, Saskatchewan",Overlaps with Siluro-Devonian path
Laurentia-Rae,Clearwater Anorthosite,8429,A Magnetization,,0.0,57.099998,251.599998,8.0,115.0,112.300003,38.0,,315.799988,3.1,6.5,311.799988,2.2,3.7,,1.0,38.0,6.5,311.799988,2.2,3.7,,1.0,38.0,6.5,311.799988,2.2,3.7,,0,4.0,,,,,,1.0,0.0,0.0,,1.0,,,,,,,,,,B,,1910.0,1924.0,"1917±7, GPMDB4.6",Clearwater Anorthosite,"Halls,H.C., Hanes,J.A.",1999.0,Tectonophysics,312,235-248,"Paleomagnetism, anisotropy of magnetic susceptibility and argon-argon geochronology of the Clearwater anorthosite, Saskatchewan, Canada",
Laurentia-Rae,Sparrow Dykes,2642,,"Co,Ro",0.0,61.599998,250.199997,10.0,54.0,131.0,51.0,,50.0,7.0,12.0,291.0,6.6,9.4,,1.0,51.0,12.0,291.0,6.6,9.4,,1.0,51.0,12.0,291.0,6.6,9.4,,20,3.0,,,,,,1.0,0.0,1.0,,0.0,,,,,,,,,,B,,1823.0,1831.0,"1827±4, new",Sparrow Dykes,"McGlynn,J.C., Hanson,G.N., Irving,E., Park,J.K.",1974.0,Canad.J.Earth Sci.,11,30-42,"Paleomagnetism and age of Nonacho Group Sandstones and associated Sparrow dikes, District of Mackenzie",Overlaps with Siluro-Devonian path
Laurentia-Scotland,MEAN Stoer Group,NEW,"sample-weighted mean of (Stewart+Irving 74, Smith+83, TS87 Achiltibuie, TS87 Stoer, Darabi+Piper 04, Borradaile+Geneviciene 08)",many,100.0,58.0,354.5,,610.0,310.8,34.7,,1000.0,0.1,37.2,238.4,7.7,7.7,,0.6,49.1,46.4,246.3,7.7,7.7,7.7,0.6,49.1,46.4,246.3,7.7,7.7,7.7,MIXED,4.0,,,,,,1.0,1.0,1.0,1.0,0.0,,,,,,,,,,B,,1129.0,1269.0,"1199±70, ",MEAN Stoer Group,LULEÅ WORKING GROUP MEAN,2009.0,,,,,Overlaps with Keweenawan Track
Laurentia-Scotland,MEAN Torridon Group,NEW,"sample-weighted mean of (Irving+Runcorn 57, Stewart+Irving 74, Smith+83, Torsvik+Sturt 87, Potts 90, Williams+Schmidt 97, Borradaile+Geneviciene 08)",many,100.0,57.9,354.3,,880.0,119.6,56.7,,1000.0,0.1,-17.7,220.9,7.1,7.1,,0.6,68.5,30.2,32.8,7.1,7.1,7.1,0.6,68.5,30.2,32.8,7.1,7.1,7.1,MIXED,4.0,,,,,,1.0,1.0,1.0,1.0,0.0,,,,,,,,,,B,,780.0,1070.0,,MEAN Torridon Group,LULEÅ WORKING GROUP MEAN,2009.0,,,,,Overlaps with Long Range Dikes
Laurentia-Slave,"Douglas Peninsula Formation, Pethei Group",16,High temp.,Ro,100.0,62.799999,249.699997,6.0,43.0,172.0,18.0,,14.0,19.0,-18.0,258.0,10.2,19.700001,,0.6,28.4,-11.8,257.6,11.4,20.9,15.5,0.8,22.1,-15.5,257.8,10.6,20.1,14.6,33,3.0,,,,,,1.0,0.0,1.0,,1.0,,,,,,,,,,B,,1866.0,1886.0,"correlation across Slave:  older than 1870±4; younger than 1882±4, Davis+Bleeker 07 GAC abst, correln Mitchell+10","Douglas Peninsula Formation, Pethei Group","Irving,E., McGlynn,J.C.",1979.0,Geophys.J.Roy.Astron.Soc.,58,309-336,Palaeomagnetism in the Coronation Geosyncline and arrangements of continents in the middle Proterozoic,
Laurentia-Slave,Rifle (Western River) Formation,5915,,"Ro,C*+ (baked contact test with intruding Mara River Sheet at 1870 Ma)",100.0,65.900002,252.900002,22.0,65.0,86.0,25.0,,12.0,9.0,14.0,341.0,6.0,10.0,,0.6,37.9,20.9,337.5,6.3,10.6,8.2,0.6,37.9,20.9,337.5,6.3,10.6,8.2,23,3.0,,,,,,1.0,1.0,1.0,,0.0,,,,,,,,,,B,,1957.0,1969.0,"1963±6, Bowring+Grotz 92",Rifle (Western River) Formation,"Evans,M.E., Hoye,G.S.",1981.0,Geol.Surv.Canada Paper 81-10,,191-202,"Paleomagnetic results from the Lower Proterozoic rocks of Great Slave Lake and Bathurst Inlet areas, Northwest Territories",
Laurentia-Slave,"MEAN Kahochella, Peacock Hills",new,,,100.0,65.0,250.0,33.0,1000.0,145.4,16.9,,1000.0,0.1,-12.0,285.0,7.0,7.0,,0.6,26.9,-6.6,283.7,4.1,7.6,5.6,0.6,26.9,-6.6,283.7,4.1,7.6,5.6,MIXED,2.0,,,,,,0.0,0.0,1.0,,1.0,,,,,,,,,,B,,1878.0,1886.0,"regional correlations, Bowring+Grotz 92","MEAN Kahochella, Peacock Hills","Mitchell,R.N., Hoffman,P.F., Evans,D.A.D.",2010.0,Precambrian Res.,179,121-134,Coronation loop resurrected: Oscillatory apparent polar wander of Orosirian (2.05–1.8 Ga) paleomagnetic poles from Slave craton,
Laurentia-Slave,Takiyuak Formation,18,,Ro,100.0,66.099998,246.900002,17.0,111.0,178.0,19.0,,15.0,10.0,-13.0,249.0,8.0,8.0,,0.6,29.9,-7.9,248.8,6.1,11.1,8.3,0.6,29.9,-7.9,248.8,6.1,11.1,8.3,18,3.0,,,,,,1.0,0.0,1.0,,1.0,,,,,,,,,,B,,1866.0,1886.0,"correlation across Slave:  older than 1870±4; younger than 1882±4, Davis+Bleeker 07 GAC abst, correln Mitchell+10",Takiyuak Formation,"Irving,E., McGlynn,J.C.",1979.0,Geophys.J.Roy.Astron.Soc.,58,309-336,Palaeomagnetism in the Coronation Geosyncline and arrangements of continents in the middle Proterozoic,
Laurentia-Slave,Defeat Suite,9407,,C*+,0.0,62.5,245.5,5.0,58.0,2.0,-47.0,,30.0,14.0,-1.0,64.0,15.0,15.0,,1.0,-47.0,-1.0,64.0,15.0,15.0,,1.0,-47.0,-1.0,64.0,15.0,15.0,,0,4.0,,,,,,1.0,1.0,1.0,0.0,0.0,,,,,,,,,,B,,2620.0,2630.0,"2625, U-Pb: 2628 pm 3, 2624 pm4",Defeat Suite,"Mitchell, R.N., Bleeker, W., Van Breemen, O., LeCheminant, A.N., Peng, P., Nilsson, M.K.M., Evans, D.A.D.",2014.0,Am. J. Sci.,314,878-894,Plate tectonics before 2.0 Ga: Evidence from paleomagnetism of cratons within supercontinent Nuna,
Laurentia-Slave,Malley dykes,9405,,C*+,0.0,64.2,249.8,9.0,45.0,138.3,-53.8,,81.0,5.8,-50.8,310.0,6.7,6.7,,1.0,-53.8,-50.8,310.0,6.7,6.7,,1.0,-53.8,-50.8,310.0,6.7,6.7,,0,4.0,,,,,,1.0,1.0,1.0,0.0,0.0,,1.0,1,1.0,c,1.0,0.0,0.0,,A,,2229.0,2233.0,"2231, U-Pb (b); authors",Malley dykes,"Buchan, K., LeCheminant, A.N., van Breemen, O.",2012.0,Can. J. Earth Sci.,49,435-454,"Malley diabase dykes of the Slave craton, Canadian Shield: U-Pb age, paleomagnetism, and implications for continental reconstructions in the early Paleoproterozoic",Corresponds with Mesozoic APWP
Laurentia-Slave,Dogrib dykes,9406,,C+,0.0,62.5,245.5,14.0,134.0,302.0,33.0,,34.0,7.0,-31.0,315.0,7.0,7.0,,1.0,33.0,-31.0,315.0,7.0,7.0,,1.0,33.0,-31.0,315.0,7.0,7.0,,0,4.0,,,,,,1.0,1.0,1.0,0.0,1.0,,1.0,1,1.0,C,1.0,0.0,1.0,,A,,2191.0,2195.0,"2193, U-Pb (b); authors",Dogrib dykes,"Mitchell, R.N., Bleeker, W., Van Breemen, O., LeCheminant, A.N., Peng, P., Nilsson, M.K.M., Evans, D.A.D.",2014.0,Am. J. Sci.,314,878-894,Plate tectonics before 2.0 Ga: Evidence from paleomagnetism of cratons within supercontinent Nuna,
Laurentia-Slave,Indin dykes,9484,,C+,0.0,62.5,245.6,18.0,1000.0,300.0,-70.0,70.0,62.0,4.0,36.0,76.0,7.0,7.0,7.0,1.0,-70.0,36.0,76.0,7.0,7.0,7.0,1.0,-70.0,36.0,76.0,7.0,7.0,7.0,33or67,4.0,,,,,1.0,1.0,1.0,1.0,1.0,1.0,,1.0,1,1.0,C,1.0,1.0,1.0,,A,2126.0,2108.0,2129.0,"2126±3, U-Pb (b); authors and unpublished abstract cited therein",Indin dykes ,"Buchan, Kenneth L. and Mitchell, Ross N. and Bleeker, Wouter and Hamilton, Michael A. and LeCheminant, Anthony N.",2016.0,Precambrian Research,275,151-175,"Paleomagnetism of ca. 2.13–2.11 Ga Indin and ca. 1.885 Ga Ghost dyke swarms of the Slave craton: Implications for the Slave craton APW path and relative drift of Slave, Superior and Siberian cratons in the Paleoproterozoic",
Laurentia-Slave,Lac de Gras dykes,9404,,"C*+,C+",0.0,64.4,249.6,10.0,54.0,338.2,-55.3,,68.0,5.9,11.8,267.9,6.0,8.4,,1.0,-55.3,11.8,267.9,6.0,8.4,,1.0,-55.3,11.8,267.9,6.0,8.4,,0or100,4.0,,,,,,1.0,1.0,1.0,,1.0,,1.0,1,1.0,Cc,1.0,0.0,1.0,,A,,2021.0,2031.0,"2023±2, 2027±4 U-Pb baddeleyite, Buchan+09 CJES",Lac de Gras dykes,"Buchan,K.L., LeCheminant,A.N., van Breemen,O.",2009.0,Canad.J.Earth Sci.,46,361-379,"Paleomagnetism and U-Pb geochronology of the Lac de Gras diabase dyke swarm, Slave Province, Canada: implications for relative drift of Slave and Superior provinces in the Paleoproterozoic",
Laurentia-Slave,Ghost Dike Swarm,9485,,C+,0.0,62.6,244.6,23.0,1000.0,350.0,-48.0,48.0,32.0,5.0,2.0,254.0,6.0,6.0,6.0,1.0,-48.0,2.0,106.0,6.0,6.0,6.0,1.0,-48.0,2.0,106.0,6.0,6.0,6.0,74,4.0,,,,,,1.0,1.0,1.0,,0.0,,1.0,1,1.0,C,1.0,1.0,0.0,,A,1887.0,1878.0,1892.0,"1887±5, 1884±6 U-Pb baddeleyite; authors and unpublished abstract cited therein",Ghost Dike Swarm,"Buchan, Kenneth L. and Mitchell, Ross N. and Bleeker, Wouter and Hamilton, Michael A. and LeCheminant, Anthony N.",2016.0,Precambrian Research,275,151-175,"Paleomagnetism of ca. 2.13–2.11 Ga Indin and ca. 1.885 Ga Ghost dyke swarms of the Slave craton: Implications for the Slave craton APW path and relative drift of Slave, Superior and Siberian cratons in the Paleoproterozoic",Corresponds with Devonian pole
Laurentia-Slave,MEAN Seton/Akaitcho/Mara,new,,C*+,100.0,65.0,250.0,82.0,1000.0,169.5,34.0,,1000.0,0.1,-6.0,260.0,4.0,4.0,,1.0,34.0,-6.0,260.0,4.0,4.0,,1.0,34.0,-6.0,260.0,4.0,4.0,,MIXED,3.0,,,,,,1.0,1.0,1.0,,1.0,,,,,,,,,,B,,1880.0,1890.0,"regional correlations, Bowring+Grotz 92; Ghost dykes REF",MEAN Seton/Akaitcho/Mara,"Mitchell,R.N., Hoffman,P.F., Evans,D.A.D.",2010.0,Precambrian Res.,179,121-134,Coronation loop resurrected: Oscillatory apparent polar wander of Orosirian (2.05–1.8 Ga) paleomagnetic poles from Slave craton,
Laurentia-Slave,MEAN Pearson A/Peninsular sill/Kilohigok basin sill,new,,C+,,65.0,250.0,22.0,1000.0,162.4,3.5,,1000.0,0.1,-22.0,269.0,6.0,6.0,,1.0,3.5,-13.0,249.0,8.0,8.0,,1.0,3.5,-13.0,249.0,8.0,8.0,,MIXED,2.0,,,,,,0.0,1.0,1.0,,1.0,,1.0,1,1.0,C,1.0,1.0,1.0,,A,,1866.0,1874.0,"U-Pb on Kilohigok (Mara River) sill; Peninsular Sill, Davis+Bleeker 07 GAC abst",MEAN Pearson A/Peninsular sill/Kilohigok basin sill,"Mitchell,R.N., Hoffman,P.F., Evans,D.A.D.",2010.0,Precambrian Res.,179,121-134,Coronation loop resurrected: Oscillatory apparent polar wander of Orosirian (2.05–1.8 Ga) paleomagnetic poles from Slave craton,
Laurentia-Superior,MEAN Haig/Flaherty/Sutton,new,site-weighted VGP means from 3 results,"C+,F+,Rc",100.0,56.0,279.0,27.0,100.0,38.7,-47.8,,1000.0,0.1,1.0,245.8,3.9,3.9,,1.0,-47.8,1.0,245.8,3.9,3.9,,1.0,-47.8,1.0,245.8,3.9,3.9,,MIXED,3.0,,,,,,1.0,1.0,1.0,,1.0,,,,,,,,,,B,,1869.0,1871.0,"1870±1, Hamilton+09 GAC",MEAN Haig/Flaherty/Sutton,LULEÅ WORKING GROUP MEAN,2009.0,,,,,
Laurentia-Superior(East),Otto Stock Dykes and Aureole,2629,N+R Component,"C*+,R-",0.0,48.0,279.900002,18.0,84.0,330.0,71.0,,139.0,3.0,69.0,227.0,4.5,5.2,,1.0,71.0,69.0,227.0,4.5,5.2,,1.0,71.0,69.0,227.0,4.5,5.2,,17or83,3.0,,,,,,1.0,1.0,1.0,,0.0,,,,,,,,,,B,,2671.0,2681.0,"2680±1 for stock, but lamprophyre dykes are younger (ca.2670-2675), J.Ayers, pers.comm. 2008",Otto Stock Dykes and Aureole,"Pullaiah,G., Irving,E.",1975.0,Canad.J.Earth Sci.,12,1609-1618,"Paleomagnetism of the contact aureole and late dikes of the Otto Stock, Ontario, and its application to Early Proterozoic apparent polar wandering",Overlaps with Cenozoic
Laurentia-Superior(East),PTARMIGAN MEAN,new,,,0.0,54.0,287.0,3.0,18.0,49.6,46.1,,0.1,1000.0,-45.3,213.0,13.8,13.8,,1.0,46.1,-45.3,213.0,13.8,13.8,,1.0,46.1,-45.3,213.0,13.8,13.8,,0or100,3.0,,,,,,1.0,0.0,1.0,0.0,1.0,,,,,,,,,,B,,2503.0,2507.0,"2505±2, ",PTARMIGAN MEAN,"Evans,D.A.D., Halls,H.C.",2010.0,Precambrian Res.,183,474-489,Restoring Proterozoic deformation within the Superior craton,
Laurentia-Superior(East),MATACHEWAN R,new,,C+,0.0,48.0,278.0,,1000.0,207.6,-16.6,,1000.0,0.1,-44.1,238.3,1.6,1.6,,1.0,-16.6,-44.1,238.3,1.6,1.6,,1.0,-16.6,-44.1,238.3,1.6,1.6,,0or100,4.0,,,,,,1.0,1.0,1.0,0.0,1.0,,0.0,0,1.0,C,1.0,0.0,1.0,,A,,2443.0,2489.0,"two ages, both U-Pb(z)",MATACHEWAN R,"Evans,D.A.D., Halls,H.C.",2010.0,Precambrian Res.,183,474-489,Restoring Proterozoic deformation within the Superior craton,
Laurentia-Superior(East),MATACHEWAN N,new,,C+,0.0,48.0,278.0,,1000.0,23.3,29.1,,1000.0,0.1,-52.3,239.5,2.4,2.4,,1.0,29.1,-52.3,239.5,2.4,2.4,,1.0,29.1,-52.3,239.5,2.4,2.4,,0or100,4.0,,,,,,1.0,1.0,1.0,0.0,1.0,,1.0,0,1.0,C,1.0,0.0,1.0,,A,,2443.0,2449.0,"2446±3, ",MATACHEWAN N,"Evans,D.A.D., Halls,H.C.",2010.0,Precambrian Res.,183,474-489,Restoring Proterozoic deformation within the Superior craton,
Laurentia-Superior(East),SENNETERRE,B+93,,C+,0.0,49.0,283.0,6.0,1000.0,358.6,-43.9,,1000.0,0.1,-15.3,284.3,6.0,6.0,,1.0,-43.9,-15.3,284.3,6.0,6.0,,1.0,-43.9,-15.3,284.3,6.0,6.0,,MIXED,4.0,,,,,,1.0,1.0,1.0,1.0,1.0,,1.0,0,1.0,C,1.0,1.0,1.0,,A,,2212.0,2224.0,"2216+8/-4, ",SENNETERRE,Buchan et al.,1993.0,Can. J. Earth Sci.,30,1286-1296,Northeast-trending Early Proterozoic dykes of southern Superior Province: multiple episodes of emplacement recognized from integrated paleomagnetism and U-Pb geochronology,
Laurentia-Superior(East),NIPISSING N1,B+00,,C+,0.0,47.0,279.0,,1000.0,7.4,-43.9,,1000.0,0.1,-17.0,272.0,10.0,10.0,,1.0,-43.9,-17.0,272.0,10.0,10.0,,1.0,-43.9,-17.0,272.0,10.0,10.0,,MIXED,4.0,,,,,,1.0,1.0,1.0,1.0,1.0,,1.0,1,1.0,C,1.0,1.0,1.0,,A,,2213.0,2221.0,"2217±4, ",NIPISSING N1,Buchan et al.,2000.0,Tectonophysics,319,167-198,Comparing the drift of Laurentia and Baltica in the Proterozoic: the importance of key palaeomagnetic poles,
Laurentia-Superior(East),BISCOTASING,7189,,C+,0.0,48.0,280.0,12.0,1000.0,263.9,60.4,,1000.0,0.1,26.0,223.9,7.0,7.0,,1.0,60.4,26.0,223.9,7.0,7.0,,1.0,60.4,26.0,223.9,7.0,7.0,,0or100,4.0,,,,,,1.0,1.0,1.0,0.0,1.0,,1.0,1,1.0,C,1.0,0.0,1.0,,A,,2167.0,2172.0,"2167-2172, range of ages summarized in Halls et al. 2008",BISCOTASING,"Evans,D.A.D., Halls,H.C.",2010.0,Precambrian Res.,183,474-489,Restoring Proterozoic deformation within the Superior craton,
Laurentia-Superior(East),LAC ESPRIT,9486,,,0.0,53.0,282.0,8.0,82.0,146.9,-56.4,,1000.0,0.1,62.0,170.5,6.4,6.4,,1.0,-56.4,62.0,170.5,6.4,6.4,,1.0,-56.4,62.0,170.5,6.4,6.4,,0or100,4.0,,,,,,1.0,0.0,1.0,0.0,1.0,,1.0,1,1.0,0,1.0,0.0,1.0,,A,,2068.0,2070.0,"2069±1, ",LAC ESPRIT,"Evans,D.A.D., Halls,H.C.",2010.0,Precambrian Res.,183,474-489,Restoring Proterozoic deformation within the Superior craton,Overlaps with Cenozoic
Laurentia-Superior(East),MINTO,8310,,,0.0,57.0,285.0,6.0,44.0,130.0,-37.2,,1000.0,0.1,38.7,171.5,13.1,13.1,,1.0,-37.2,38.7,171.5,13.1,13.1,,1.0,-37.2,38.7,171.5,13.1,13.1,,MIXED,4.0,,,,,,1.0,0.0,1.0,1.0,0.0,,1.0,0,1.0,0,1.0,1.0,0.0,,A,,1996.0,2000.0,"1998±2, ",MINTO,"Evans,D.A.D., Halls,H.C.",2010.0,Precambrian Res.,183,474-489,Restoring Proterozoic deformation within the Superior craton,Overlaps with Keweenawan Track
Laurentia-Superior(West),MARATHON N,H+08,,,0.0,49.0,275.0,,1000.0,296.9,59.2,,1000.0,0.1,45.4,198.2,7.7,7.7,,1.0,59.2,45.4,198.2,7.7,7.7,,1.0,59.2,45.4,198.2,7.7,7.7,,0or100,4.0,,,,,,1.0,0.0,1.0,0.0,0.0,,1.0,1,1.0,0,1.0,0.0,0.0,,A,,2121.0,2126.0,"2121-2126, ",MARATHON N,"Halls,H.C., Davis,D.W., Stott,G.M., Ernst,R.E., Hamilton,M.A.",2008.0,Precambrian Res.,162,327-353,The Paleoproterozoic Marathon Large Igneous Province: New evidence for a 2.1 Ga long-lived mantle plume event along the southern margin of the North American Superior Province,Overlaps with Keweenawan Track
Laurentia-Superior(West),MARATHON R,H+08,,C+,0.0,49.0,275.0,,1000.0,134.4,-56.4,,1000.0,0.1,55.1,182.2,7.5,7.5,,1.0,-56.4,55.1,182.2,7.5,7.5,,1.0,-56.4,55.1,182.2,7.5,7.5,,0or100,4.0,,,,,,1.0,1.0,1.0,0.0,0.0,,1.0,1,1.0,C,1.0,0.0,0.0,,A,,2101.0,2106.0,"2101-2106, ",MARATHON R,"Halls,H.C., Davis,D.W., Stott,G.M., Ernst,R.E., Hamilton,M.A.",2008.0,Precambrian Res.,162,327-353,The Paleoproterozoic Marathon Large Igneous Province: New evidence for a 2.1 Ga long-lived mantle plume event along the southern margin of the North American Superior Province,Overlaps with Mesozoic APWP
Laurentia-Superior(West),CAUCHON LAKE,8548,,C+,0.0,56.0,263.0,,1000.0,123.3,-63.9,,1000.0,0.1,53.8,180.9,7.7,7.7,,1.0,-63.9,53.8,180.9,7.7,7.7,,1.0,-63.9,53.8,180.9,7.7,7.7,,0or100,4.0,,,,,,1.0,1.0,1.0,0.0,0.0,,1.0,1,1.0,C,1.0,0.0,0.0,,A,,2089.0,2093.0,"2091±2, ",CAUCHON LAKE,"Evans,D.A.D., Halls,H.C.",2010.0,Precambrian Res.,183,474-489,Restoring Proterozoic deformation within the Superior craton,Overlaps with Mesozoic APWP
Laurentia-Superior(West),FORT FRANCES,1739,,,0.0,48.0,266.0,,1000.0,117.2,-54.8,,1000.0,0.1,42.8,184.6,6.1,6.1,,1.0,-54.8,42.8,184.6,6.1,6.1,,1.0,-54.8,42.8,184.6,6.1,6.1,,0or100,3.0,,,,,,1.0,0.0,1.0,0.0,0.0,,1.0,1,1.0,0,1.0,0.0,0.0,,A,,2072.0,2081.0,"2076+5/-4, ",FORT FRANCES,"Evans,D.A.D., Halls,H.C.",2010.0,Precambrian Res.,183,474-489,Restoring Proterozoic deformation within the Superior craton,Overlaps with Keweenawan Track
Laurentia-Superior(West),MOLSON B+C2,new,,C+,0.0,55.0,262.0,,1000.0,248.6,66.7,,1000.0,0.1,28.9,218.0,3.8,3.8,,1.0,66.7,28.9,218.0,3.8,3.8,,1.0,66.7,28.9,218.0,3.8,3.8,,MIXED,4.0,,,,,,1.0,1.0,1.0,1.0,1.0,,1.0,1,1.0,C,1.0,1.0,1.0,,A,,1873.0,1884.0,"1877+7/-4, ",MOLSON B+C2,"Evans,D.A.D., Halls,H.C.",2010.0,Precambrian Res.,183,474-489,Restoring Proterozoic deformation within the Superior craton,
Laurentia-Svalbard,Lower Grusdievbreen Formation,9657,,Fo,100.0,79.0,18.0,4.0,53.0,354.4,16.1,,39.9,14.7,19.6,204.9,7.8,15.1,,0.6,25.7,24.5,204.0,8.6,15.9,11.7,0.8,19.8,21.2,203.9,8.0,15.4,11.1,MIXED,4.0,,,,,,1.0,0.0,0.0,,1.0,,,,,,,,,,B,,811.0,850.0,"pre-Bitter Springs, authors",Lower Grusdievbreen Formation,"Maloof,A.C., Halverson,G.P., Kirschvink,J.L., Schrag,D.P., Weiss,B.P., Hoffman,P.F.",2006.0,Geol.Soc.Am.Bulletin,118,1099-1124,"Combined paleomagnetic, isotopic, and stratigraphic evidence for true polar wander from the Neoproterozoic Akademikerbreen Group, Svalbard, Norway",
Laurentia-Svalbard,Upper Grusdievbreen Formation,9656,,Fo,100.0,78.9,18.2,5.0,107.0,126.3,14.7,,84.2,8.4,-1.1,252.6,4.4,8.6,,0.6,23.6,5.6,70.5,4.8,9.0,6.5,0.8,18.2,2.7,71.0,4.5,8.7,6.3,MIXED,4.0,,,,,,1.0,0.0,0.0,,1.0,,,,,,,,,,B,,789.0,811.0,"789-811, authors",Upper Grusdievbreen Formation,"Maloof,A.C., Halverson,G.P., Kirschvink,J.L., Schrag,D.P., Weiss,B.P., Hoffman,P.F.",2006.0,Geol.Soc.Am.Bulletin,118,1099-1124,"Combined paleomagnetic, isotopic, and stratigraphic evidence for true polar wander from the Neoproterozoic Akademikerbreen Group, Svalbard, Norway",
Laurentia-Svalbard,Svanbergfjellet Formation,9655,,F*+,100.0,78.5,18.0,1.0,18.0,333.2,29.4,,25.2,7.0,25.9,226.8,4.3,7.7,,0.6,43.2,35.3,228.0,5.4,8.7,6.9,0.8,35.2,29.6,227.3,4.7,8.1,6.1,0or100,4.0,,,,,,1.0,1.0,0.0,,1.0,,,,,,,,,,B,,730.0,789.0,"pre-Islay anomaly, post BS, authors",Svanbergfjellet Formation,"Maloof,A.C., Halverson,G.P., Kirschvink,J.L., Schrag,D.P., Weiss,B.P., Hoffman,P.F.",2006.0,Geol.Soc.Am.Bulletin,118,1099-1124,"Combined paleomagnetic, isotopic, and stratigraphic evidence for true polar wander from the Neoproterozoic Akademikerbreen Group, Svalbard, Norway",
Laurentia-Trans-Hudson orogen,Boot-Phantom Pluton,8359,,"Rc,C+",0.0,54.700001,258.099998,18.0,90.0,46.700001,83.199997,,72.0,4.1,62.400002,279.399994,7.9,8.0,,1.0,83.199997,62.400002,279.399994,7.9,8.0,,1.0,83.199997,62.400002,279.399994,7.9,8.0,,6,4.0,,,,,,1.0,1.0,0.0,,1.0,,,,,,,,,,B,,1837.0,1839.0,", GPMDB4.6",Boot-Phantom Pluton,"Symons,D.T.A., Mackay,C.D.",1999.0,Basement Tectonics,13,313-331,"Paleomagnetism of the Boot-Phantom pluton and the amalgamation of the Juvenile domains in the Paleoproterozoic Trans-Hudson Orogen, Canada",
Laurentia-Wyoming,Stillwater Complex - C2,9917,,,,45.2,249.2,,74.0,171.0,-63.0,,32.0,2.9,-83.6,335.8,3.6,4.6,,1.0,-63.0,-83.6,335.8,3.6,4.6,,1.0,-63.0,-83.6,335.8,3.6,4.6,,100,4.0,,,,,,1.0,0.0,1.0,,0.0,,1.0,1,1.0,0,1.0,0.0,0.0,,A,,2701.0,2709.0,"2705±4, new",Stillwater Complex - C2,"Selkin, P.A., Gee, J.S., Meurer, W.P., Hemming, S.R.",2008.0,G-cubed,9,23pp,"Paleointensity record from the 2.7 Ga Stillwater Complex, Montana",Corresponds to Cenozoic/Present Local Field
Laurentia-Wyoming,"Rabbit Creek, Powder River and South Path Dykes",9496,,"C+,Rc
",100.0,43.9,,13.0,81.0,212.8,-59.0,,48.5,6.0,65.5,339.2,7.6,7.6,7.6,1.0,-59.0,65.5,339.2,7.6,7.6,7.6,1.0,-59.0,65.5,339.2,7.6,7.6,7.6,"15or85
",4.0,,,,,,1.0,1.0,1.0,1.0,1.0,,1.0,1,1.0,C,1.0,1.0,1.0,,A,2160.0,2152.0,2171.0,"U-Pb baddeleyite: 2156+/-3  2154+/-3  2158+/-4  2164+/-7  2164+/-7 Ma
","Rabbit Creek, Powder River and South Path Dykes","Kilian, T.M., Bleeker, W., Chamberlain, K., Evans, D.A.D., Cousens, B.
",2015.0,"Geological Society, London, Special Publications",424,15–45,"Palaeomagnetism, geochronology and geochemistry of the Palaeoproterozoic Rabbit Creek and Powder River dyke swarms: implications for Wyoming in supercraton Superia",
Laurentia-Wyoming,Sourdough mafic dike swarm,9539,,"C+,Ro",0.0,44.7,-108.3,16.0,109.0,65.1,75.2,,21.8,4.7,49.2,292.0,8.1,8.1,8.1,1.0,75.2,49.2,292.0,8.1,8.1,8.1,1.0,75.2,49.2,292.0,8.1,8.1,8.1,6or94,4.0,,,,,1.0,1.0,1.0,1.0,1.0,0.0,,1.0,0,1.0,C,1.0,1.0,0.0,,A,1899.0,,,"U-Pb baddeleyite: 1899+/-5 Ma
",Sourdough mafic dike swarm,"Kilian, T.M., Chamberlain, K.R., Evans, D.A.D., Bleeker, W., Cousens, B.L.",2016.0,Geology,44,863–866,Wyoming on the run—Toward  nal Paleoproterozoic assembly of Laurentia,Overlaps with Ediacaran poles
,,,,,,,,,,,,,,,,,,,,,,,,,,,,,,,,,,,,,,,,,,,,,,,,,,,,,,,,,,,,,,,,,,,
,,,,,,,,,,,,,,,,,,,,,,,,,,,,,,,,,,,,,,,,,,,,,,,,,,,,,,,,,,,,,,,,,,,
,,,,,,,,,,,,,,,,,,,,,,,,,,,,,,,,,,,,,,,,,,,,,,,,,,,,,,,,,,,,,,,,,,,
,,,,,,,,,,,,,,,,,,,,,,,,,,,,,,,,,,,,,,,,,,,,,,,,,,,,,,,,,,,,,,,,,,,
,,,,,,,,,,,,,,,,,,,,,,,,,,,,,,,,,,,,,,,,,,,,,,,,,,,,,,,,,,,,,,,,,,,
,,,,,,,,,,,,,,,,,,,,,,,,,,,,,,,,,,,,,,,,,,,,,,,,,,,,,,,,,,,,,,,,,,,
,,,,,,,,,,,,,,,,,,,,,,,,,,,,,,,,,,,,,,,,,,,,,,,,,,,,,,,,,,,,,,,,,,,
,,,,,,,,,,,,,,,,,,,,,,,,,,,,,,,,,,,,,,,,,,,,,,,,color for Evans 2021 entries,,,,,,,,,,,,,,,,,,,
,,,,,,,,,,,,,,,,,,,,,,,,,,,,,,,,,,,,,,,,,,,,,,,,color for YZ new entries,,,,,,,,,,,,,,,,,,,
