Terrane,ROCKNAME,GPMDB RESULT#,MAGIC #,COMPONENT,TESTS,TILT,SLAT,SLONG,B,N,DEC,INC,KD,ED95,PLAT,PLONG,DP,DM,A95,f (1.0 vs 0.6),INCf,PLATf,PLONf,DPf,DMf,A95f,f (1.0/0.8/0.6),INCf,PLATf,PLONf,DPf,DMf,A95f,%REV,DEMAGCODE,Q1,24,10,16,Q2,Q3,Q4,Q5,Q6,Q7,Q(7),R1,R2,R3,R4,R5,R6,R7,Rsum,Grade,Grade E+21,nominal age,age diff,lomagage,himagage,REF/method,ROCKNAME,POLE AUTHORS,YEAR,JOURNAL,VOLUME,VPAGES,TITLE,Comment,Lithology
Laurentia,Dubawnt Group,2737,,,"C+,Rc",100,64.1,265.6,30,130,347,-50,17,7,7,277,8,8,8,0.6,-63.3,-19.4,95.3,8.7,11,9.8,0.6,-63.3,-19.4,95.3,8.7,11,9.8,63,3,1,1,1,1,1,1,1,1,1,0,6,0,0,1,C,0,1,1,4,B,B,1796,75,1758,1833,"All of the samples from the Dubawnt Formation are from the Kazan Formation, the Christopher Island Formation, and the Martell syenite. The Kazan and Christopher Island Formations are cross cut by a syenite plug that is likely the 1811 Ma syenite dated by Rainbird et al., 2006.  It seems that the 1811 Ma age should be treated as the minimum age for the samples, but a conservative estimate for the age uncertainty would be between 1758 from a U-Pb zircon date from the Wharton Group above the Baker Lake Group, and U-Pb zircon 1833 Ma from a basal volcanic flow. In the compilation we use a nominal age in between, 1796 Ma. ",Dubawnt Group,"Park,J.K., Irving,E., Donaldson,J.A.",1973,Geol.Soc.Amer.Bull.,84,859-870,Paleomagnetism of the Dubawnt Group,Overlaps with a Devonian pole,sediments; redbeds
Laurentia-Rae,Martin Group,2659,,,"F+,Ro",100,59.6,251.4,15,56,322.5,-29.4,15,10.4,-9,288,6.3,11.5,8.5,0.6,-43.2,-0.2,104.8,8,12.9,10.2,0.6,-43.2,-0.2,104.8,8,12.9,10.2,60,2,1,1,1,1,1,0,1,1,1,0,5,1,0,0,f,0,0,0,2,B,A,1818,8,1814,1822,"1818±4 Ma, A UñPb baddeleyite date from one dike broadly dates this magmatic event at ca. 1818±4 Ma (Morelli et al., 2009a)",Martin Formation,"Evans,M.E., Bingham,D.K.",1973,Canad.J.Earth Sci.,10,1485-1493,"Paleomagnetism of the Precambrian Martin Formation, Saskatchewan",Overlaps with Siluro-Devonian path,sediments; redbeds
Laurentia-Rae,Sparrow Dykes,2642,,,"Co,Ro",0,61.6,250.2,10,54,131,51,50,7,12,291,6.6,9.4,7.9,1,51,12,291,6.6,9.4,7.9,1,51,12,291,6.6,9.4,7.9,20,3,1,1,1,1,1,1,0,1,1,0,5,1,0,1,0,0,0,1,3,B,B,1827,8,1823,1831,"a Pb-Pb baddeleyite TIMS age of 1827±4 Ma from Bostock and Breemen 1992 (https://doi.org/10.4095%2F134164) was reported for a 50 m-wide dike.† 1827±4 U-Pb TIMS baddeleyite fractions concordia upper intercept age from Bostock and Breemen, 1992.",Sparrow Dykes,"McGlynn,J.C., Hanson,G.N., Irving,E., Park,J.K.",1974,Canad.J.Earth Sci.,11,30-42,"Paleomagnetism and age of Nonacho Group Sandstones and associated Sparrow dikes, District of Mackenzie",Overlaps with Siluro-Devonian path,
Laurentia-Trans-Hudson orogen,Boot-Phantom Pluton,8359,,,"Rc,C+",0,54.7,258.1,18,90,46.7,83.2,72,4.1,62.4,279.4,7.9,8,7.9,1,83.2,62.4,279.4,7.9,8,7.9,1,83.2,62.4,279.4,7.9,8,7.9,6,4,1,1,1,1,1,1,1,0,1,1,6,1,0,1,C,1,0,1,5,B,B,1838,4,1836,1840,Heaman et al. 1992; no data presented but cited U-Pb zircon age is 1838 ± 2 Ma for both phases of the pluton.,Boot-Phantom Pluton,"Symons,D.T.A., Mackay,C.D.",1999,Basement Tectonics,13,313-331,"Paleomagnetism of the Boot-Phantom pluton and the amalgamation of the Juvenile domains in the Paleoproterozoic Trans-Hudson Orogen, Canada",,
Laurentia-Slave,MEAN Pearson A/Peninsular sill/Kilohigok basin sill,new,,,"C+,F+",,65,250,22,1000,162.4,3.5,1000,0.1,-22,269,6,6,6,1,3.5,-13,249,8,8,8,1,3.5,-13,249,8,8,8,MIXED,2,1,1,1,1,1,0,1,1,1,1,6,1,1,1,Cf,1,1,1,7,A,A,1870,8,1866,1874,"U-Pb on Kilohigok (Mara River) sill; Peninsular Sill, Hulbert (2005) reported an age of 1870 Ma for one of the sills, Davis and Bleeker, 2007 had a GAC abstract reporting an age of 1870 Ma. ",MEAN Pearson A/Peninsular sill/Kilohigok basin sill,"Mitchell,R.N., Hoffman,P.F., Evans,D.A.D.",2010,Precambrian Res.,179,121-134,Coronation loop resurrected: Oscillatory apparent polar wander of Orosirian (2.05ñ1.8 Ga) paleomagnetic poles from Slave craton,"Gong+18 reported 2 additional sites that are not included in this mean, but they confirmed the direction as a baseline for local rotations in other areas; plus they added a positive fold test",
Laurentia-Superior,MEAN Haig/Flaherty/Sutton,new,,site-weighted VGP means from 3 results,"F+,Rc",100,56,279,27,100,38.7,-47.8,1000,0.1,1,245.8,3.9,3.9,3.9,1,-47.8,1,245.8,3.9,3.9,3.9,1,-47.8,1,245.8,3.9,3.9,3.9,MIXED,3,1,1,1,1,1,1,1,1,1,1,7,1,1,1,f,1,1,1,7,B,B,1870,6,1867,1873,"1870±3 reported in an unpublished GAC abstract by Hamilton et al., 2009. ",MEAN Haig/Flaherty/Sutton,LULEÅ WORKING GROUP MEAN; Schmidt 1980; Schwarz+82.,2009,,,,,Positive reported BCT doesn't include a well-defined unbaked host direction.,
Laurentia-Slave,Takiyuak Formation,18,,,Ro,100,66.1,246.9,17,111,178,19,15,10,-13,249,8,8,8,0.6,29.9,-7.9,248.8,6.1,11.1,8.3,0.6,29.9,-7.9,248.8,6.1,11.1,8.3,18,3,1,1,1,1,1,1,0,1,1,1,6,1,0,1,0,0,0,1,3,B,B,1876,20,1866,1886,"No direct age constraints, correlation drawn across Slave: older than 1870±4 Peninsular sills and Mara River sills; younger than 1882±4 from the Fontano Fm which is interpreted to be correlated with the Gibraltar Fm, correlation interpretation from Mitchell et al., 2010. ",Takiyuak Formation,"Irving,E., McGlynn,J.C.",1979,Geophys.J.Roy.Astron.Soc.,58,309-336,Palaeomagnetism in the Coronation Geosyncline and arrangements of continents in the middle Proterozoic,,sediments; redbeds
Laurentia-Slave,"Douglas Peninsula Formation, Pethei Group",16,,High temp.,Ro,100,62.8,249.7,6,43,172,18,14,19,-18,258,10.2,19.7,14.2,0.6,28.4,-11.8,257.6,11.4,20.9,15.5,0.8,22.1,-15.5,257.8,10.6,20.1,14.6,33,3,1,1,1,0,0,1,0,1,1,1,5,0,0,1,0,0,0,1,2,B,B,1876,20,1866,1886,"correlation across Slave:††older than 1870±4; younger than 1882±4, Davis+Bleeker 07 GAC abst, correln Mitchell+10","Douglas Peninsula Formation, Pethei Group","Irving,E., McGlynn,J.C.",1979,Geophys.J.Roy.Astron.Soc.,58,309-336,Palaeomagnetism in the Coronation Geosyncline and arrangements of continents in the middle Proterozoic,,
Laurentia-Slave,"MEAN Kahochella, Peacock Hills",new,,,,100,65,250,33,1000,145.4,16.9,1000,0.1,-12,285,7,7,7,0.6,26.9,-6.6,283.7,4.1,7.6,5.6,0.6,26.9,-6.6,283.7,4.1,7.6,5.6,MIXED,2,1,1,1,1,1,0,0,1,1,1,5,1,0,1,0,0,1,1,4,B,B,1882,23,1866,1889,"regional correlations, Bowring+Grotz 92","MEAN Kahochella, Peacock Hills","Mitchell,R.N., Hoffman,P.F., Evans,D.A.D.",2010,Precambrian Res.,179,121-134,Coronation loop resurrected: Oscillatory apparent polar wander of Orosirian (2.05ñ1.8 Ga) paleomagnetic poles from Slave craton,,sediments; redbeds
Laurentia-Superior(West),Molson B+C2 dykes,new,,,C+,0,55,262,†,1000,248.6,66.7,1000,0.1,28.9,218,3.8,3.8,3.8,1,66.7,28.9,218,3.8,3.8,3.8,1,66.7,28.9,218,3.8,3.8,3.8,MIXED,4,1,1,1,1,1,1,1,1,1,1,7,1,1,1,C,1,1,1,7,A,A,1885,8,1881,1889,"1884.5 ± 3.6 Ma U-Pb baddeleyite age from one dike from Heaman et al., 2009.",Molson B+C2 dykes,"Evans,D.A.D., Halls,H.C.",2010,Precambrian Res.,183,474-489,Restoring Proterozoic deformation within the Superior craton,,
Laurentia-Slave,Ghost dykes,9485,,†,C+,0,62.6,244.6,23,1000,350,-48,32,5,2,254,6,6,6,1,-48,2,106,6,6,6,1,-48,2,106,6,6,6,74,4,1,1,1,1,1,1,1,1,1,0,6,1,1,1,C,1,1,0,6,A,A,1887,10,1882,1892,"1887±5 U-Pb baddeleyite ID-TIMS age from one dike from Buchan et al., 2016. ",Ghost dykes,"Buchan, Kenneth L. and Mitchell, Ross N. and Bleeker, Wouter and Hamilton, Michael A. and LeCheminant, Anthony N.",2016,Precambrian Research,275,151-175,"Paleomagnetism of ca. 2.13ñ2.11 Ga Indin and ca. 1.885 Ga Ghost dyke swarms of the Slave craton: Implications for the Slave craton APW path and relative drift of Slave, Superior and Siberian cratons in the Paleoproterozoic",Corresponds with Devonian pole,
Laurentia-Slave,MEAN Seton/Akaitcho/Mara,new,,,C*+,100,65,250,82,1000,169.5,34,1000,0.1,-6,260,4,4,4,1,34,-6,260,4,4,4,1,34,-6,260,4,4,4,MIXED,3,1,1,1,1,1,1,1,1,1,1,7,1,1,1,c,0,0,1,5,B,B,1889,4,1887,1891,Hoffman+23 direct age on Seton,MEAN Seton/Akaitcho/Mara,"Mitchell,R.N., Hoffman,P.F., Evans,D.A.D.",2010,Precambrian Res.,179,121-134,Coronation loop resurrected: Oscillatory apparent polar wander of Orosirian (2.05ñ1.8 Ga) paleomagnetic poles from Slave craton,,
Laurentia-Wyoming,Sourdough mafic dike swarm,9539,,,"C+,Ro",0,44.7,-108.3,16,109,65.1,75.2,21.8,4.7,49.2,292,8.1,8.1,8.1,1,75.2,49.2,292,8.1,8.1,8.1,1,75.2,49.2,292,8.1,8.1,8.1,6or94,4,1,1,1,1,1,1,1,1,1,0,6,1,0,1,C,1,1,1,6,A,A,1899,10,1894,1904,"U-Pb baddeleyite ID-TIMS upper intercept age of 1899+/-5 Ma from one dike from Kilian et al., 2016. ",Sourdough mafic dike swarm,"Kilian, T.M., Chamberlain, K.R., Evans, D.A.D., Bleeker, W., Cousens, B.L.",2016,Geology,44,863ñ866,Wyoming on the runóToward††nal Paleoproterozoic assembly of Laurentia,Overlaps with Ediacaran poles,
Laurentia-Rae,Clearwater Anorthosite,8429,,A Magnetization,,0,57.1,251.6,8,115,112.3,38,315.8,3.1,6.5,311.8,2.2,3.7,2.9,1,38,6.5,311.8,2.2,3.7,2.9,1,38,6.5,311.8,2.2,3.7,2.9,0,4,1,1,1,1,1,1,0,0,0,1,4,1,0,1,0,0,0,1,3,B,B,1917,14,1910,1924,"Halls and Hanes, 1999 developed two Ar isotope geochronology ages from the Clearwater anorthosite and obtained a 1917±7 Ma from hornblende and a 1839±5 Ma from biotite. The data hints a cooling age for the remanence and the 1917 Ma age is preferred given that the hornblende closure temperature (if it is a real cooling age) is closer to the remanence unblocking temperature. ",Clearwater Anorthosite,"Halls,H.C., Hanes,J.A.",1999,Tectonophysics,312,235-248,"Paleomagnetism, anisotropy of magnetic susceptibility and argon-argon geochronology of the Clearwater anorthosite, Saskatchewan, Canada",,
Laurentia-Slave,Rifle (Western River) Formation,5915,,,"Ro,C*+ (inverse baked contact test with intruding Mara River Sheet at 1870 Ma)",100,65.9,252.9,22,65,86,25,12,9,14,341,6,10,7.7,0.6,37.9,20.9,337.5,6.3,10.6,8.2,0.6,37.9,20.9,337.5,6.3,10.6,8.2,23,3,1,1,1,1,1,1,1,1,1,0,6,1,0,0,c,0,1,1,4,B,B,1963,12,1957,1969,"The Rifle Formation is dated by zircons from interbedded volcanic ash layers to be 1963 ± 6 Ma (Pb-Pb upper intercept age) by ID-TIMS method by Bowring and Grotzinger, 1992 (https://doi.org/10.2475%2Fajs.292.1.1). In the original stratigraphy chronology study, the ash bed #2 was collected between the Rifle formation and the Beechey formation near Peacock Hills area.†",Rifle (Western River) Formation,"Evans,M.E., Hoye,G.S.",1981,Geol.Surv.Canada Paper 81-10,,191-202,"Paleomagnetic results from the Lower Proterozoic rocks of Great Slave Lake and Bathurst Inlet areas, Northwest Territories",,sediments; redbeds
Laurentia-Superior(East),Minto dykes,8310,,,,0,57,285,6,44,130,-37.2,1000,0.1,38.7,171.5,13.1,13.1,13.1,1,-37.2,38.7,171.5,13.1,13.1,13.1,1,-37.2,38.7,171.5,13.1,13.1,13.1,MIXED,4,1,1,1,1,1,1,0,1,1,0,5,1,0,1,0,1,1,0,4,B,A,1998,4,1996,2000,"1998±2,†",Minto dykes,"Evans,D.A.D., Halls,H.C.",2010,Precambrian Res.,183,474-489,Restoring Proterozoic deformation within the Superior craton,Overlaps with Keweenawan Track,
Laurentia-Slave,Lac de Gras dykes,9404,,,"C*+,C+",0,64.4,249.6,10,54,338.2,-55.3,68,5.9,11.8,267.9,6,8.4,7.1,1,-55.3,11.8,267.9,6,8.4,7.1,1,-55.3,11.8,267.9,6,8.4,7.1,0or100,4,1,1,1,1,1,1,1,1,0,1,6,1,1,1,Cc,1,0,1,6,A,A,2027,8,2023,2031,"two baddeleyite fractions yielded ages of 2023±2, 2027±4 U-Pb concordia upper intercept ages from Buchan et al., 2009. Prefer the older one given Pb loss worries.",Lac de Gras dykes,"Buchan,K.L., LeCheminant,A.N., van Breemen,O.",2009,Canad.J.Earth Sci.,46,361-379,"Paleomagnetism and U-Pb geochronology of the Lac de Gras diabase dyke swarm, Slave Province, Canada: implications for relative drift of Slave and Superior provinces in the Paleoproterozoic",,
Laurentia-Greenland-Nain,Kangamiut Dykes,3222,,,,0,66,307,23,157,220,56,190,2.1,17.1,273.8,2.2,3.2,2.7,1,56,17.1,273.8,2.2,3.2,2.7,1,56,17.1,273.8,2.2,3.2,2.7,0or100,,1,1,1,1,1,0,1,1,0,0,4,1,0,0,C,0,0,0,3,B,B,2041,23,2031,2054,"leucodioritic cores of two dykes have yielded UñPb zircon ages of 2036±5 Ma and 2046±8 Ma (2s) (Nutman et al., 1999, https://doi.org/10.1016/s0301-9268(98)00099-0). We take the mean of the two mean ages as the nominal age of the dikes (2036+2046)/2=2041 Ma, take 2046+8 Ma as the upper age, take 2036-5 Ma as the lower age.",Kangamiut Dykes,"Fahrig, W.F., Bridgwater, D.",1976,Early Hist. of Earth,,427-439,Late Archean-Early Proterozoic paleomagnetic pole positions from West Greenland,Looks like Victoria Fjord and Tobacco Root,
Laurentia-Superior(East),Lac Esprit dykes,9486,,,,0,53,282,8,82,146.9,-56.4,1000,0.1,62,170.5,6.4,6.4,6.4,1,-56.4,62,170.5,6.4,6.4,6.4,1,-56.4,62,170.5,6.4,6.4,6.4,0or100,4,1,1,1,1,1,1,0,1,0,1,5,1,1,1,0,1,0,0,4,A,A,2069,2,2068,2070,"Buchan et al., 2007 obtained a UñPb baddeleyite concordia upper intercept age of 2069 ± 1 Ma from a Lac Esprit dike swarm",Lac Esprit dykes,"Evans,D.A.D., Halls,H.C.",2010,Precambrian Res.,183,474-489,Restoring Proterozoic deformation within the Superior craton,Overlaps with Cenozoic,
Laurentia-Superior(West),Fort Frances dykes,1739,,,,0,48,266,†,1000,117.2,-54.8,1000,0.1,42.8,184.6,6.1,6.1,6.1,1,-54.8,42.8,184.6,6.1,6.1,6.1,1,-54.8,42.8,184.6,6.1,6.1,6.1,0or100,3,1,1,1,1,1,1,0,1,0,0,4,1,1,1,0,1,0,0,4,A,A,2077,9,2072,2081,"2076+5/-4, two fractions of baddeleyite and four fractions of zircon were analysed from the Fort Francis dyke by Buchan et al., 1996. The age of concordia upper intercept age. ",Fort Frances dykes,"Evans,D.A.D., Halls,H.C.",2010,Precambrian Res.,183,474-489,Restoring Proterozoic deformation within the Superior craton,Overlaps with Keweenawan Track,
Laurentia-Superior(West),Cauchon Lake dykes,8548,,,C+,0,56,263,†,1000,123.3,-63.9,1000,0.1,53.8,180.9,7.7,7.7,7.7,1,-63.9,53.8,180.9,7.7,7.7,7.7,1,-63.9,53.8,180.9,7.7,7.7,7.7,0or100,4,1,1,1,1,1,1,1,1,0,0,5,1,1,1,C,1,0,1,6,A,A,2091,4,2089,2093,a baddeleyiteñzircon UñPb ID-TIMS upper intercept date of 2091 ± 2 Ma from Halls and Heaman 2000. ,Cauchon Lake dykes,"Evans,D.A.D., Halls,H.C.",2010,Precambrian Res.,183,474-489,Restoring Proterozoic deformation within the Superior craton,Overlaps with Mesozoic APWP,
Laurentia-Superior(West),Marathan R dykes,H+08,,,C+,0,49,275,†,1000,134.4,-56.4,1000,0.1,55.1,182.2,7.5,7.5,7.5,1,-56.4,55.1,182.2,7.5,7.5,7.5,1,-56.4,55.1,182.2,7.5,7.5,7.5,0or100,4,1,1,1,1,1,1,1,1,0,0,5,1,1,1,C,1,0,1,6,A,A,2106,8,2102,2110,"Hamilton et al., 2002, Halls et al., 2005, and Halls et al., 2008 both did U-Pb baddeleyite dating on the Marathon dikes, the findings are that the R polarity dikes appeared o have younger ages than the N polarity dikes. There are a few dated R polarity dikes that show ages around 2104, 2106, 2106 Ma, whereas there is a N polarity dike that yielded an age of 2125.7 $\pm$ 1.2 Ma. All ages are single crystal baddeleyite TIMS dates. ",Marathan R dykes,"Halls,H.C., Davis,D.W., Stott,G.M., Ernst,R.E., Hamilton,M.A.",2008,Precambrian Res.,162,327-353,The Paleoproterozoic Marathon Large Igneous Province: New evidence for a 2.1 Ga long-lived mantle plume event along the southern margin of the North American Superior Province,Overlaps with Mesozoic APWP,
Laurentia-Slave,Indin dykes,9484,,,C+,0,62.5,245.6,18,1000,300,-70,62,4,36,76,7,7,7,1,-70,36,76,7,7,7,1,-70,36,76,7,7,7,33or67,4,1,1,1,1,1,1,1,1,1,1,7,1,1,1,C,1,1,1,7,A,A,2126,6,2123,2129,"2126±3, U-Pb baddeleyite upper intercept ages from Buchan et al., 2016; although they cite abstracts by Blleker et al., 2008 to have a much younger date of 2108 Ma, that date is not published and we do not consider it here. ",Indin dykes,"Buchan, Kenneth L. and Mitchell, Ross N. and Bleeker, Wouter and Hamilton, Michael A. and LeCheminant, Anthony N.",2016,Precambrian Research,275,151-175,"Paleomagnetism of ca. 2.13ñ2.11 Ga Indin and ca. 1.885 Ga Ghost dyke swarms of the Slave craton: Implications for the Slave craton APW path and relative drift of Slave, Superior and Siberian cratons in the Paleoproterozoic",,
Laurentia-Superior(West),Marathon N dykes,H+08,,,,0,49,275,†,1000,296.9,59.2,1000,0.1,45.4,198.2,7.7,7.7,7.7,1,59.2,45.4,198.2,7.7,7.7,7.7,1,59.2,45.4,198.2,7.7,7.7,7.7,0or100,4,1,1,1,1,1,1,0,1,0,0,4,1,1,1,0,1,0,0,4,A,A,2126,2,2125,2127,"Hamilton et al., 2002, Halls et al., 2005, and Halls et al., 2008 both did U-Pb baddeleyite dating on the Marathon dikes, the findings are that the R polarity dikes appeared o have younger ages than the N polarity dikes. There are a few dated R polarity dikes that show ages around 2104, 2106, 2106 Ma, whereas there is a N polarity dike that yielded an age of 2125.7 $\pm$ 1.2 Ma. All ages are single crystal baddeleyite TIMS dates. ",Marathon N dykes,"Halls,H.C., Davis,D.W., Stott,G.M., Ernst,R.E., Hamilton,M.A.",2008,Precambrian Res.,162,327-353,The Paleoproterozoic Marathon Large Igneous Province: New evidence for a 2.1 Ga long-lived mantle plume event along the southern margin of the North American Superior Province,Overlaps with Keweenawan Track,
Laurentia-Wyoming,"Rabbit Creek, Powder River and South Path Dykes",9496,,,"C+,Rc",100,43.9,252.8,13,81,212.8,-59,48.5,6,65.5,339.2,7.6,7.6,7.6,1,-59,65.5,339.2,7.6,7.6,7.6,1,-59,65.5,339.2,7.6,7.6,7.6,15or85,4,1,1,1,1,1,1,1,1,1,1,7,1,1,1,C,1,1,1,7,A,A,2160,19,2152,2171,"Kilian et al. 2015 study reported paleomagnetic data and U-Pb baddeleyite dates from four samples that yielded Powder River Pass dyke (2163.9$\pm$7.1 Ma), Wind River ñSouth Pass dyke (2164.1+7.3 Ma), ëFrench Creekí diabase dyke (2155.9$\pm$2.9 Ma), and ëRabbit Creekí diabase dyke (2154.2$\pm$2.2 Ma), and ëDike Cí near Hazelton Peak (2157.7$\pm$3.6 Ma). So the age range we should use would cover the range reported including uncertainty propagations. Let's do nominal age=2160 Ma,lomagage=2152 Ma, himagage=2171","Rabbit Creek, Powder River and South Path Dykes","Kilian, T.M., Bleeker, W., Chamberlain, K., Evans, D.A.D., Cousens, B.",2015,"Geological Society, London, Special Publications",424,15ñ45,"Palaeomagnetism, geochronology and geochemistry of the Palaeoproterozoic Rabbit Creek and Powder River dyke swarms: implications for Wyoming in supercraton Superia",,
Laurentia-Superior(East),Biscotasing dykes,7189,,,C+,0,48,280,12,1000,263.9,60.4,1000,0.1,26,223.9,7,7,7,1,60.4,26,223.9,7,7,7,1,60.4,26,223.9,7,7,7,0or100,4,1,1,1,1,1,1,1,1,0,1,6,1,1,1,C,1,0,1,6,A,A,2170,5,2166,2171,"2167-2172, range of ages summarized in Halls et al. 2008",Biscotasing dykes,"Evans,D.A.D., Halls,H.C.",2010,Precambrian Res.,183,474-489,Restoring Proterozoic deformation within the Superior craton,,
Laurentia-Slave,Dogrib dykes,9406,,,C+,0,62.5,245.5,14,134,302,33,34,7,-31,315,7,7,7,1,33,-31,315,7,7,7,1,33,-31,315,7,7,7,0,4,1,1,1,1,1,1,1,1,0,1,6,1,1,1,C,1,0,1,6,A,A,2193,4,2191,2195,"U-Pb baddeleyite concordia upper intercept age from Main Dogrib dike, Yellowknife. Le Cheminant et al., 1997 has another date of 2188 $\pm$ 4 Ma which overlaps with this date and is superseded",Dogrib dykes,"Mitchell, R.N., Bleeker, W., Van Breemen, O., LeCheminant, A.N., Peng, P., Nilsson, M.K.M., Evans, D.A.D.",2014,Am. J. Sci.,314,878-894,Plate tectonics before 2.0 Ga: Evidence from paleomagnetism of cratons within supercontinent Nuna,,
Laurentia-Superior(East),Senneterre dykes,B+93,,,C+,0,49,283,6,1000,358.6,-43.9,1000,0.1,-15.3,284.3,6,6,6,1,-43.9,-15.3,284.3,6,6,6,1,-43.9,-15.3,284.3,6,6,6,MIXED,4,1,1,1,1,1,1,1,1,1,1,7,1,0,1,C,1,1,1,6,A,A,2216,12,2212,2224,"Buchan et al., 1993 dated U-Pb baddeleyite from a Senneterre dike that has paired paleomagnetic data, yielding an age of 2214.3±12.4 Ma. In Buchan et al., 1996 and onward literature that age was cited as 2216+8/-4 Ma, which is the age we use here.",Senneterre dykes,Buchan et al.,1993,Can. J. Earth Sci.,30,1286-1296,Northeast-trending Early Proterozoic dykes of southern Superior Province: multiple episodes of emplacement recognized from integrated paleomagnetism and U-Pb geochronology,,
Laurentia-Superior(East),Nipissing N1 mean,B+00,,,C+,0,47,279,6,1000,7.4,-43.9,1000,0.1,-17,272,10,10,10,1,-43.9,-17,272,10,10,10,1,-43.9,-17,272,10,10,10,MIXED,4,1,1,1,1,1,1,1,1,1,1,7,1,1,1,C,1,1,1,7,A,A,2217,5,2214,2219,"A series of U-Pb dates have been developed from the Nipissing Sills in the literature, they are compiled in Table 1 of Davey et al., 2019. There is a range of ages but they are largely overlapping. We choose to use the abraded zircon U-Pb TIMS data from CA-ID-TIMS zircon and ID-TIMS baddeleyite ages from Bleeker et al., 2015 to make a call that the age constraints on the Nippising sills are between 2214 Ma and 2219 Ma. 
",Nipissing N1 mean,Buchan et al.,2000,Tectonophysics,319,167-198,Comparing the drift of Laurentia and Baltica in the Proterozoic: the importance of key palaeomagnetic poles,,
Laurentia-Slave,Malley dykes,9405,,,C*+,0,64.2,249.8,9,45,138.3,-53.8,81,5.8,-50.8,310,6.7,6.7,6.7,1,-53.8,-50.8,310,6.7,6.7,6.7,1,-53.8,-50.8,310,6.7,6.7,6.7,0,4,1,1,1,1,1,1,1,1,0,0,5,1,0,1,c,1,0,1,5,A,A,2231,4,2229,2233,"UñPb baddeleyite age from Buchan et al., 2012. ",Malley dykes,"Buchan, K., LeCheminant, A.N., van Breemen, O.",2012,Can. J. Earth Sci.,49,435-454,"Malley diabase dykes of the Slave craton, Canadian Shield: U-Pb age, paleomagnetism, and implications for continental reconstructions in the early Paleoproterozoic",Corresponds with Mesozoic APWP,
Laurentia-Superior(East),Matachewan N dykes,new,,,C+,0,48,278,†,1000,23.3,29.1,1000,0.1,-52.3,239.5,2.4,2.4,2.4,1,29.1,-52.3,239.5,2.4,2.4,2.4,1,29.1,-52.3,239.5,2.4,2.4,2.4,0or100,4,1,1,1,1,1,1,1,1,0,1,6,1,0,1,C,1,0,1,5,A,A,2446,6,2443,2449,"In the Hearst region of domain (II), two dykes contribute to
the 2446 ± 3 Ma upper-intercept age: one (LH87-11) corresponds to site 214 of Halls and Palmer (1990) and yielded N-polarity, and the other (208) corresponds to site 208 of Halls and Palmer (1990) and yielded R-polarity with statistics not passing our quality criteria. Evans and Halls (2010) consider the R polarity to be older than the N polarity. The N polarity age is inferred from one dike that yielded an age of 2446 ± 3 Ma.",Matachewan N dykes,"Evans,D.A.D., Halls,H.C.",2010,Precambrian Res.,183,474-489,Restoring Proterozoic deformation within the Superior craton,,
Laurentia-Superior(East),Matachewan R dykes,new,,,C+,0,48,278,†,1000,207.6,-16.6,1000,0.1,-44.1,238.3,1.6,1.6,1.6,1,-16.6,-44.1,238.3,1.6,1.6,1.6,1,-16.6,-44.1,238.3,1.6,1.6,1.6,0or100,4,1,1,1,1,1,1,1,1,0,1,6,0,0,1,C,1,0,1,4,A,A,2460,27,2446,2473,"In the Hearst region of domain (II), two dykes contribute to
the 2446 ± 3 Ma upper-intercept age: one (LH87-11) corresponds to site 214 of Halls and Palmer (1990) and yielded N-polarity, and the other (208) corresponds to site 208 of Halls and Palmer (1990) and yielded R-polarity with statistics not passing our quality criteria. Evans and Halls (2010) consider the R polarity to be older than the N polarity. The N polarity age is inferred from one dike that yielded an age of 2446 ± 3 Ma.",Matachewan R dykes,"Evans,D.A.D., Halls,H.C.",2010,Precambrian Res.,183,474-489,Restoring Proterozoic deformation within the Superior craton,,
Laurentia-Wyoming,Elbow Creek dikes,new,,,C+,100,45.42,250.04,13,106,145.8,59.6,31.5,7.5,2,275.3,10.2,10.2,10.2,1,,,,,,,,,,,,,,,,,,,,,,,,,,,1,1,1,C,1,0,1,6,A,--,2480,8,2476,2484,Concordia upper intercept age of 2480 ± 4 Ma from isotope dilution thermal ionization mass spectrometry (ID-TIMS) on four baddeleyite fractions of one Elbow Creek dike near the Stillwater Mine. ,Elbow Creekk dikes,"Ding, J., Rogers, C., Sˆderlund, U., Evans, D. A. D., Gong, Z., Ernst, R. E., Chamberlain, K., & Kilian, T.
",2024,Nature Communications,15,10814,Paleomagnetic evidence for Neoarchean plate mobilism,"R7 currently has an assignment of 1 given that it passes a baked contact test, however the pole position overlaps with the 1780 Ma poles which is the expected time of nearby collisional orogenesis of the trans-Hudson orogeny",
Laurentia-Superior(East),Ptarmigan dykes,new,,,,0,54,287,3,18,49.6,46.1,0.1,1000,-45.3,213,13.8,13.8,13.8,1,46.1,-45.3,213,13.8,13.8,13.8,1,46.1,-45.3,213,13.8,13.8,13.8,0or100,3,1,0,0,0,0,1,0,1,0,1,4,1,0,1,0,0,0,1,3,B,B,2505,4,2503,2507,"concordia isochron fit upper intercept age from U-Pb zircon and baddeleyite 2505±2 Ma from a Ptarmigan dike site 64. Buchan, K. L., Mortensen, J. K., Card, K. D., & Percival, J. A. (1998). Paleomagnetism and UñPb geochronology of diabase dyke swarms of Minto block, Superior Province, Quebec, Canada. Canadian Journal of Earth Sciences, 35(9), 1054ñ1069. https://doi.org/10.1139/e98-054",Ptarmigan dykes,"Evans,D.A.D., Halls,H.C.",2010,Precambrian Res.,183,474-489,Restoring Proterozoic deformation within the Superior craton,,
Laurentia-Slave,Defeat Suite granitoids,9407,,,C*+,0,62.5,245.5,5,58,2,-47,30,14,-1,64,15,15,15,1,-47,-1,64,15,15,15,1,-47,-1,64,15,15,15,0,4,1,1,1,1,1,1,1,1,0,0,5,1,0,0,c,0,0,0,2,B,B,2625,15,2620,2635,"the Defeat suite spans several pulses from ca. 2630 to 2620 Ma, including the ìWestern Granodioriteî plutons that intruded into the basal Yellowknife greenstone belt west of Yellowknife, the 2628±3 Ma Wool Bay diorite east of Yellowknife, and a small biotite tonalite stock yielding an age of 2624±4 Ma at Watta Lake (Davis and Bleeker, 1999); zircon and titanite TIMS upper intercept bracket age constraints from MacLachlan and Davies, 2002; Davis and Bleeker, 1999",Defeat Suite granitoids,"Mitchell, R.N., Bleeker, W., Van Breemen, O., LeCheminant, A.N., Peng, P., Nilsson, M.K.M., Evans, D.A.D.",2014,Am. J. Sci.,314,878-894,Plate tectonics before 2.0 Ga: Evidence from paleomagnetism of cratons within supercontinent Nuna,,
Laurentia-Superior(East),Otto Stock Dykes and Aureole,2629,,N+R Component,"C*+,R-",0,48,279.9,18,84,330,71,139,3,69,227,4.5,5.2,4.8,1,71,69,227,4.5,5.2,4.8,1,71,69,227,4.5,5.2,4.8,17or83,3,1,1,1,1,1,1,1,1,1,0,6,1,0,1,C,0,0,1,4,B,B,2680,2,2679,2681,"2680±1 for stock, but lamprophyre dykes are younger (ca.2670-2675), J.Ayers, pers.comm. 2008; The lamprophyre age has never been published but their emplacement was interpreted to be late stage intrusions associated with the stock. Let's put the current age assignment to be the age of the Otto Stock itself given that it is the best published age constraint on the magmatism. ",Otto Stock Dykes and Aureole,"Pullaiah,G., Irving,E.",1975,Canad.J.Earth Sci.,12,1609-1618,"Paleomagnetism of the contact aureole and late dikes of the Otto Stock, Ontario, and its application to Early Proterozoic apparent polar wandering",Overlaps with Cenozoic,
Laurentia-Wyoming,Stillwater Complex - C2,9917,,,,†,45.2,249.2,†,74,171,-63,32,2.9,-83.6,335.8,3.6,4.6,4.1,1,-63,-83.6,335.8,3.6,4.6,4.1,1,-63,-83.6,335.8,3.6,4.6,4.1,100,4,1,1,1,1,1,1,0,1,0,0,4,1,1,1,c,1,0,1,6,A,A,2709,3,2709,2712,"Latest high-precision U-Pb zircon-baddeleyite CA-TIMS ages for J-M Reef mineralized samples (Wall et al., 2016) are: Basal series: Benbow area has a weighted mean 207Pb/206Pb date of 2712.24?±?0.61 Ma; Frog Pond adit: 2709.11 ± 0.56 Ma; East Boulder mine: 2709.28 ± 0.32 Ma; West Fork area: 2709.00 ± 0.45 Ma; Most of the paleomagnetic samples from Selkin et al., 2008, are from above the basal series which means the date for the paleomagnetic pole is probably closer to 2709 Ma. ",Stillwater Complex - C2,"Selkin, P.A., Gee, J.S., Meurer, W.P., Hemming, S.R.",2008,G-cubed,9,23pp,"Paleointensity record from the 2.7 Ga Stillwater Complex, Montana",Corresponds to Cenozoic/Present Local Field,
