age,lat,lon
719.0,7.1977680779424595,163.86052385754743
720.0610610610611,7.092202234145542,163.75333003615967
721.1221221221222,6.989543167390934,163.65347807539402
722.1831831831831,6.889663352907367,163.56081412348087
723.2442442442442,6.792463227845939,163.47514657640667
724.3053053053053,6.697872381725408,163.3962453028925
725.3663663663664,6.605847594004189,163.32383906468786
726.4274274274275,6.5163708164706895,163.2576137337118
727.4884884884885,6.4294451817319835,163.1972094580059
728.5495495495495,6.345087671656521,163.14221589041625
729.6106106106106,6.263321868110016,163.0921676654494
730.6716716716717,6.184171314004979,163.04654022158883
731.7327327327328,6.107649640555461,163.00474355007023
732.7937937937938,6.033748204300473,162.966114259146
733.8548548548548,5.96243283493721,162.92991356305345
734.9159159159159,5.893633108931197,162.89532014553953
735.976976976977,5.827236054064022,162.8614269412775
737.038038038038,5.763081907814093,162.8272397342601
738.0990990990991,5.700966259358142,162.79168119428937
739.1601601601602,5.640633737275088,162.7535850934574
740.2212212212212,5.581782678543217,162.7117039020428
741.2822822822823,5.524089958946267,162.66474641432046
742.3433433433433,5.4672119024656975,162.61137916174644
743.4044044044044,5.410784380328279,162.55022659804627
744.4654654654655,5.354445815010056,162.47990917953928
745.5265265265265,5.297861211913604,162.3990813614518
746.5875875875876,5.240731460664308,162.30646023881704
747.6486486486486,5.182803100627492,162.2008464087564
748.7097097097097,5.123876352798584,162.08115329237762
749.7707707707708,5.063818268628601,161.9464328734636
750.8318318318318,5.002553859026305,161.79591695568752
751.8928928928929,4.940064529386007,161.62902819192513
752.9539539539539,4.8763854987795865,161.44538081554865
754.015015015015,4.811588236268594,161.2448033960831
755.0760760760761,4.745770939769428,161.0273414606692
756.1371371371372,4.679028445545052,160.79323803071816
757.1981981981982,4.6114487890322335,160.54293251243058
758.2592592592592,4.543106916803924,160.27704906233615
759.3203203203203,4.474039195999842,159.9963740250229
760.3813813813814,4.404243419754016,159.70182928553032
761.4424424424425,4.333674371132609,159.3944320083168
762.5035035035035,4.26224359846899,159.0752938276264
763.5645645645645,4.18982316175884,158.74559417689858
764.6256256256256,4.116246242151421,158.40654591422313
765.6866866866867,4.041320326788901,158.05936953306917
766.7477477477478,3.9648355386088125,157.70526784759915
767.8088088088089,3.8865647143801962,157.34542621608637
768.8698698698698,3.8062732374504233,156.98099119598896
769.9309309309309,3.723727041869213,156.61305175786177
770.991991991992,3.638698864853877,156.2426303729771
772.0530530530531,3.550972887044777,155.87067452541336
773.1141141141142,3.46034472592854,155.49805705521777
774.1751751751751,3.3666236419840017,155.12557366334593
775.2362362362362,3.269637779656664,154.75393286654352
776.2972972972973,3.1692319804329765,154.38376255522633
777.3583583583584,3.065267907969048,154.01561274696735
778.4194194194195,2.9576240374465734,153.64995572339225
779.4804804804805,2.84619564110407,153.28718622024002
780.5415415415415,2.7308931343929,152.92762864473792
781.6026026026026,2.6116417030521735,152.57153708747933
782.6636636636637,2.4883798314595134,152.21910258189027
783.7247247247248,2.3610573887503796,151.87046203828882
784.7857857857858,2.229635613450124,151.52569823253688
785.8468468468468,2.0940870977037442,151.1848398267981
786.9079079079079,1.9543949525608721,150.84786730206477
787.968968968969,1.8105505363239771,150.51472172156483
789.03003003003,1.662554372658451,150.18530234039986
790.0910910910911,1.5104153673995964,149.85947987607884
791.1521521521521,1.3541507606607321,149.53709677386655
792.2132132132132,1.193786112772388,149.21796713599676
793.2742742742743,1.02935533937339,148.90187799703497
794.3353353353353,0.86090087760259,148.58860357976965
795.3963963963964,0.6884730903176806,148.27789551469243
796.4574574574575,0.5121316302697074,147.9695001390342
797.5185185185185,0.33194568982111045,147.66316321692574
798.5795795795796,0.14799399338429348,147.3586298548641
799.6406406406406,-0.039635208160529053,147.05564441407412
800.7017017017017,-0.23084441925225443,146.75395512916378
801.7627627627628,-0.4255258359622245,146.4533324140936
802.8238238238238,-0.6235601234087478,146.15355627370835
803.8848848848849,-0.8248208723616811,145.85444113086368
804.9459459459459,-1.0291749270799642,145.5558386350285
806.007007007007,-1.2364823755769612,145.25763766203178
807.0680680680681,-1.4465965371469147,144.95976430434408
808.1291291291292,-1.659369779098631,144.6621905839082
809.1901901901902,-1.874653658550589,144.36495222793266
810.2512512512512,-2.0923008630214515,144.06814011378262
811.3123123123123,-2.312181479076771,143.77190851538958
812.3733733733734,-2.534183200028284,143.47647546022253
813.4344344344345,-2.7582113254523226,143.182122892896
814.4954954954954,-2.9841895995163226,142.8891960616646
815.5565565565565,-3.212079961441954,142.59809537604212
816.6176176176176,-3.4418800639223863,142.30929128201163
817.6786786786787,-3.673632772898614,142.02329394990957
818.7397397397398,-3.9074317746612217,141.74064496791001
819.8008008008009,-4.14342166140524,141.46191749370078
820.8618618618618,-4.381798032551588,141.18771641532078
821.9229229229229,-4.622804732952834,140.91865866239428
822.983983983984,-4.866748990569887,140.65535694501796
824.0450450450451,-5.113986293599888,140.39841926029737
825.1061061061062,-5.364902905502568,140.14842363177289
826.1671671671671,-5.61991598550793,139.9059179795178
827.2282282282282,-5.879473774213821,139.67142012951345
828.2892892892893,-6.144050097991582,139.44541630129285
829.3503503503504,-6.414107906931113,139.2283425605867
830.4114114114114,-6.69011242422519,139.0205879983257
831.4724724724724,-6.972489786428576,138.8225003772502
832.5335335335335,-7.261620531547052,138.63438565229004
833.5945945945946,-7.557839663347024,138.45650808400944
834.6556556556557,-7.861431774148436,138.28909176573504
835.7167167167167,-8.172595785526042,138.13232827732185
836.7777777777778,-8.491450158973576,137.9863754864209
837.8388388388388,-8.81802728826557,137.85136330565766
838.8998998998999,-9.152271650186503,137.7273946264468
839.960960960961,-9.49403947789319,137.61454555601503
841.022022022022,-9.843103999353854,137.51286725899604
842.0830830830831,-10.199161210697618,137.42238870964513
843.1441441441441,-10.561813926621515,137.34311113828716
844.2052052052052,-10.930621906496807,137.27502083148642
845.2662662662663,-11.305105681977468,137.21809035620376
846.3273273273273,-11.684746078769342,137.172278571072
847.3883883883884,-12.068983688494367,137.1375305747131
848.4494494494495,-12.457223236054965,137.1137793828459
849.5105105105105,-12.848880010776648,137.1009610478676
850.5715715715716,-13.243363269099907,137.09900923056176
851.6326326326326,-13.640092854983743,137.10786565451494
852.6936936936937,-14.038504744857237,137.12748241352338
853.7547547547548,-14.438050868618689,137.15782184030323
854.8158158158158,-14.83820055366262,137.19885715789735
855.8768768768768,-15.23845305996924,137.25058066197852
856.9379379379379,-15.638335341043103,137.31300377301437
857.998998998999,-16.037402311588824,137.38615489853896
859.0600600600601,-16.435237405767896,137.4700794708509
860.1211211211212,-16.831452680386608,137.56483988607172
861.1821821821821,-17.225688950092803,137.67051544813006
862.2432432432432,-17.617615755174967,137.78720194077303
863.3043043043043,-18.006926670039118,137.9150031763952
864.3653653653654,-18.393343217767246,138.05403941344204
865.4264264264265,-18.776609662388825,138.20443550860597
866.4874874874874,-19.156490499308045,138.36631539729052
867.5485485485485,-19.53277064471855,138.5398019373686
868.6096096096096,-19.905255643706823,138.72501675781513
869.6706706706707,-20.273771895828336,138.9220801123673
870.7317317317318,-20.63816228468147,139.131102111697
871.7927927927927,-20.99828571203377,139.35217818222497
872.8538538538538,-21.354017798857768,139.5853914199704
873.9149149149149,-21.705246629908885,139.83080563334266
874.975975975976,-22.051872930612124,140.08846506195025
876.0370370370371,-22.39381025161089,140.35839411267983
877.0980980980981,-22.730985159930448,140.6405971166169
878.1591591591591,-23.063334125883454,140.93505913706184
879.2202202202202,-23.39080137123634,141.2417403445448
880.2812812812813,-23.713343420879752,141.5605762932473
881.3423423423424,-24.030918504069362,141.89148734218668
882.4034034034034,-24.343486234977956,142.23437866579965
883.4644644644644,-24.65100767272924,142.58914003741208
884.5255255255255,-24.95344538268974,142.95564563427007
885.5865865865866,-25.25076349890506,143.33375386791127
886.6476476476477,-25.542920158353656,143.72331584496058
887.7087087087087,-25.82986484916797,144.1241795503577
888.7697697697698,-26.111540859958886,144.53618578545317
889.8308308308308,-26.387876927427186,144.9591762467741
890.8918918918919,-26.658787102637547,145.39299320134626
891.952952952953,-26.92417063508786,145.83747913145518
893.014014014014,-27.18391186299677,146.29247636343752
894.0750750750751,-27.437879718013342,146.7578256571808
895.1361361361361,-27.68592080529092,147.2333698179325
896.1971971971972,-27.927859061786254,147.71895815500656
897.2582582582583,-28.163500791151975,148.2144320523511
898.3193193193193,-28.392634761553303,148.71962325010372
899.3803803803804,-28.61503214999996,149.23435305099957
900.4414414414415,-28.830446507044563,149.75843151638648
901.5025025025025,-29.03861374430787,150.29165665664
902.5635635635635,-29.239252436930443,150.83381336912166
903.6246246246246,-29.432076221777653,151.384658251166
904.6856856856857,-29.616782644455935,151.9439219227776
905.7467467467468,-29.793063215605468,152.51130859525816
906.8078078078078,-29.960611882583123,153.086490189945
907.8688688688688,-30.119125345185495,153.66910580978984
908.9299299299299,-30.268303385830087,154.25876131294936
909.990990990991,-30.407849212897894,154.8550289991638
911.0520520520521,-30.537470137958856,155.45744763090994
912.1131131131131,-30.65689287842249,156.0655269663616
913.1741741741741,-30.76585736073332,156.67873348731007
914.2352352352352,-30.864120018964776,157.29650424718957
915.2962962962963,-30.95146055975031,157.91825413589768
916.3573573573574,-31.027682376012006,158.54337666607285
917.4184184184185,-31.09261292582789,159.1712448783951
918.4794794794794,-31.146104072199684,159.80121236071562
919.5405405405405,-31.188032379864303,160.4326143741142
920.6016016016016,-31.218299343455246,161.06476989961823
921.6626626626627,-31.236834081226313,161.697003435138
922.7237237237238,-31.243598111173018,162.3286307520252
923.7847847847847,-31.238578150793213,162.95896874948684
924.8458458458458,-31.221784750060348,163.58734483886843
925.9069069069069,-31.193252268792158,164.2130983060092
926.967967967968,-31.15303880232031,164.8355816158029
928.0290290290291,-31.101226056311116,165.45416164747684
929.0900900900901,-31.037919172162947,166.06822085032678
930.1511511511511,-30.963244193995024,166.6771603129981
931.2122122122122,-30.877338683348487,167.28041288620344
932.2732732732733,-30.780365064262554,167.87743358355726
933.3343343343344,-30.67249685265228,168.46770540244114
934.3953953953954,-30.55391626289969,169.05074123822905
935.4564564564564,-30.42481390465707,169.62608428663737
936.5175175175175,-30.285388470273183,170.19330831156617
937.5785785785786,-30.135846415070525,170.75201778334457
938.6396396396397,-29.97640163267755,171.30184789364034
939.7007007007007,-29.80727356942851,171.84246441253322
940.7617617617618,-29.62867408376472,172.37356501191164
941.8228228228228,-29.44082024579862,172.89488052118986
942.8838838838839,-29.243925804243705,173.4061710171701
943.944944944945,-29.038198233888597,173.90722505453257
945.006006006006,-28.82383856572292,174.39785922371658
946.0670670670671,-28.60104123336769,174.87791764375066
947.1281281281281,-28.36999393531447,175.34727139940102
948.1891891891892,-28.130877512405885,175.80581793182876
949.2502502502502,-27.883865770357648,176.2534799559386
950.3113113113113,-27.62912096775459,176.69019662504164
951.3723723723724,-27.366791134095244,177.11593772528133
952.4334334334334,-27.097014843056247,177.53069210596377
953.4944944944945,-26.81992143040091,177.93446139627733
954.5555555555555,-26.535630977807273,178.32725960647144
955.6166166166166,-26.244254306633202,178.70911272444894
956.6776776776777,-25.945892980637073,179.08005831070975
957.7387387387388,-25.64063931669065,179.44014509433595
958.7997997997998,-25.328576402543625,179.78943257245658
959.8608608608608,-25.00978516956721,180.12797731594281
960.9219219219219,-24.68434362949754,180.45582903243397
961.982982982983,-24.35231941518286,180.77304757528708
963.0440440440441,-24.013790429472056,181.07966911188532
964.105105105105,-23.668845086792395,181.3757055967104
965.1661661661661,-23.317582091303322,181.66114505513994
966.2272272272272,-22.96011021935555,181.93595185993667
967.2882882882883,-22.596548107326047,182.20006699573264
968.3493493493494,-22.227034653304184,182.45339289789356
969.4104104104105,-21.851745627724203,182.69576684293747
970.4714714714714,-21.47087603806654,182.9269877645858
971.5325325325325,-21.084666989001494,183.146780065009
972.5935935935936,-20.693406242535307,183.35479275029516
973.6546546546547,-20.297427586668288,183.55060021231623
974.7157157157158,-19.897110239612925,183.73370292870248
975.7767767767767,-19.49287893524866,183.9035287477092
976.8378378378378,-19.08522118536015,184.05941670600473
977.8988988988989,-18.674690228517555,184.20060161682986
978.95995995996,-18.261886467750575,184.32626264168576
980.021021021021,-17.847456130995543,184.4355284511396
981.0820820820821,-17.432090975373047,184.52747680906484
982.1431431431431,-17.01652805991489,184.60113404968118
983.2042042042042,-16.601527016482407,184.65552293566688
984.2652652652653,-16.18786507687641,184.68968369846186
985.3263263263264,-15.776313225790124,184.70270904418354
986.3873873873874,-15.367591736734123,184.69382765370366
987.4484484484484,-14.962370975413151,184.66240201786005
988.5095095095095,-14.561271049484702,184.607928369503
989.5705705705706,-14.164809928951996,184.530126012036
990.6316316316316,-13.773383126026769,184.4289723180852
991.6926926926927,-13.387247232700265,184.30472416587483
992.7537537537537,-13.006507470348826,184.1579384261894
993.8148148148148,-12.631118943908968,183.98947035634464
994.8758758758759,-12.260896425567605,183.8004572385457
995.936936936937,-11.895482439593348,183.59236305497407
996.997997997998,-11.534406281853947,183.36689010370083
998.0590590590591,-11.177128973914805,183.12591088174116
999.1201201201201,-10.823043414251291,182.87146854641594
1000.1811811811812,-10.471481304220797,182.60576648321447
1001.2422422422422,-10.121799999581741,182.33103345833197
1002.3033033033033,-9.773407478023103,182.0494856100654
1003.3643643643644,-9.425804114023897,181.76325449508406
1004.4254254254254,-9.07859412962464,181.47436666800988
1005.4864864864865,-8.731518895436155,181.18468130688515
1006.5475475475475,-8.384478596398496,180.89584983761873
1007.6086086086086,-8.037540188662748,180.60926105472913
1008.6696696696697,-7.690939020780071,180.32603338854398
1009.7307307307308,-7.3450712838498005,180.04701256378013
1010.7917917917918,-7.0004940792055805,179.77272977454416
1011.8528528528528,-6.657896488682005,179.50342445526576
1012.9139139139139,-6.318052256908616,179.23907717317925
1013.974974974975,-5.981818699712324,178.9794111552466
1015.0360360360361,-5.650116018513185,178.72392205065157
1016.097097097097,-5.323864901355155,178.47194246628848
1017.1581581581581,-5.003969637958866,178.2227092838121
1018.2192192192192,-4.691287638965359,177.97544389780808
1019.2802802802803,-4.386627658664987,177.72936401300905
1020.3413413413414,-4.090727804993492,177.48378605668694
1021.4024024024025,-3.804251196003246,177.23818076311815
1022.4634634634634,-3.527794615373262,176.99223904644725
1023.5245245245245,-3.2618886440680996,176.74588039966255
1024.5855855855855,-3.007003502311014,176.4992686322692
1025.6466466466466,-2.7635606689033465,176.25285751445185
1026.7077077077076,-2.5319272128603867,176.00732292690716
1027.7687687687687,-2.312414543625094,175.7635455521247
1028.8298298298298,-2.105277993551309,175.52260943094103
1029.890890890891,-1.9107024704733755,175.2857371735234
1030.951951951952,-1.728792797269009,175.05424521403233
1032.013013013013,-1.5595512401669018,174.82947909769598
1033.0740740740741,-1.4028705755770638,174.61279008710397
1034.1351351351352,-1.258528356405171,174.40551629404374
1035.1961961961963,-1.126167645899974,174.20892672079006
1036.2572572572572,-1.0052948812696778,174.02420539424952
1037.3183183183182,-0.8952756609468034,173.85242784029313
1038.3793793793793,-0.795334646506788,173.6945604168444
1039.4404404404404,-0.7045596222452406,173.5514513304679
1040.5015015015015,-0.6218952188043226,173.4238167959573
1041.5625625625626,-0.5461613941514718,173.31224971074897
1042.6236236236236,-0.4760609476233637,173.21722039040066
1043.6846846846847,-0.4101794765479133,173.13907629047415
1044.7457457457458,-0.3469887979126521,173.07804331649922
1045.806806806807,-0.2848670158162342,173.03423420381912
1046.867867867868,-0.22209871586745775,173.00764876458942
1047.9289289289288,-0.1568937328832901,172.99818306158244
1048.98998998999,-0.08738931750793535,173.0056303704362
1050.051051051051,-0.011651240706809304,173.02968209003265
1051.112112112112,0.07231017795526268,173.0699372404597
1052.1731731731732,0.16653964849775385,173.12589927327065
1053.2342342342342,0.27312107946106645,173.19699580237548
1054.2952952952953,0.3941735297458135,173.2825831346997
1055.3563563563564,0.5318513944216632,173.38194667765123
1056.4174174174175,0.6883392980796605,173.49431143439298
1057.4784784784786,0.8658410480954614,173.61886006985296
1058.5395395395396,1.0665781613205014,173.75474265095679
1059.6006006006005,1.2927739450517293,173.90111499475512
1060.6616616616616,1.5466538986508784,174.05714108261603
1061.7227227227227,1.8304435867960267,174.22200030761132
1062.7837837837837,2.1463488190744946,174.39493668197105
1063.8448448448448,2.49655591973338,174.57526757420044
1064.905905905906,2.883188295277155,174.7624464292617
1065.966966966967,3.308303513515552,174.95607451116982
1067.028028028028,3.7738896715314585,175.155910748472
1068.0890890890892,4.281818690988043,175.3619351063749
1069.1501501501502,4.833832819735936,175.5743699963444
1070.2112112112113,5.431473304326804,175.79373098785
1071.2722722722722,6.076077842441713,176.0208399532168
1072.3333333333333,6.768763584134021,176.25683961549177
1073.3943943943943,7.510360006176466,176.50324500405446
1074.4554554554554,8.301382924417418,176.76193979244204
1075.5165165165165,9.1419864675198,177.03517573269184
1076.5775775775776,10.031966954398419,177.32558936640154
1077.6386386386387,10.970736902899272,177.63617597352632
1078.6996996996997,11.957285306154668,177.9703132611341
1079.7607607607608,12.990196524896342,178.33163985620902
1080.821821821822,14.06764682256343,178.7240333756885
1081.882882882883,15.187399682681866,179.15163100185885
1082.9439439439439,16.34682897933623,179.61870045046774
1084.005005005005,17.542931437961705,180.1295760960801
1085.066066066066,18.772391235563465,180.68851556813112
1086.127127127127,20.03156990906613,181.29968865514383
1087.1881881881882,21.31655080609149,181.96706778947944
1088.2492492492493,22.623178744221,182.69430857250035
1089.3103103103103,23.947150180176205,183.48464756893756
1090.3713713713714,25.284009086952253,184.3408522418009
1091.4324324324325,26.629194531008316,185.26515920990076
1092.4934934934936,27.978095007810886,186.25917035684103
1093.5545545545544,29.326117967578597,187.32390088571532
1094.6156156156155,30.668695344675392,188.45971566590822
1095.6766766766766,32.00128682694127,189.66628857284206
1096.7377377377377,33.31943845912867,190.94262753484685
1097.7987987987988,34.61877008382183,192.28709189481506
1098.8598598598599,35.89497886980689,193.69735829474865
1099.920920920921,37.14383655425077,195.17031085215748
1100.981981981982,38.36118863139507,196.70203677746431
1102.043043043043,39.54295183395047,198.2877280789631
1103.1041041041042,40.68512229649509,199.92156308698742
1104.1651651651653,41.783800143937945,201.59654110822828
1105.2262262262261,42.83521443666633,203.30436258536335
1106.2872872872872,43.83579637653224,205.03533287822705
1107.3483483483483,44.782256931772444,206.77827701247756
1108.4094094094094,45.671664442858386,208.52047034381079
1109.4704704704704,46.501578929013306,210.24772155615202
1110.5315315315315,47.27017659469895,211.94466848840497
1111.5925925925926,47.97636889607358,213.5951402897284
1112.6536536536537,48.61988082739308,215.18248242394625
1113.7147147147148,49.20133567689145,216.6903431184607
1114.7757757757759,49.72220200536955,218.1034065751977
1115.836836836837,50.184761604050045,219.40804751636944
1116.8978978978978,50.591995152790155,220.59293450342884
1117.9589589589589,50.94738385566639,221.6496160270695
1119.02002002002,51.25465211984755,222.57269378912304
1120.081081081081,51.517670985368234,223.35997825230564
1121.1421421421421,51.740204679338746,224.01233337716488
1122.2032032032032,51.92576494090363,224.53327760429704
1123.2642642642643,52.07752386500694,224.92858158123605
1124.3253253253254,52.1982620056906,225.20590587994198
1125.3863863863864,52.29033221007705,225.37422192245432
1126.4474474474475,52.3557024211621,225.4433214069133
1127.5085085085086,52.39596614616497,225.4235624500506
1128.5695695695695,52.41239525040439,225.32547526659326
1129.6306306306305,52.406010308551906,225.15949120235317
1130.6916916916916,52.37762001715312,224.9357723767779
1131.7527527527527,52.327860969245634,224.66407944020952
1132.8138138138138,52.257247736803706,224.35364301758955
1133.8748748748749,52.166218977061845,224.0131041414914
1134.935935935936,52.055147066110926,223.65047298760666
1135.996996996997,51.924363527807685,223.27310253771057
1137.0580580580581,51.77417674046271,222.8876713921158
1138.1191191191192,51.60488796876131,222.50020669630064
1139.1801801801803,51.416793305436045,222.1160763841464
1140.2412412412411,51.21018670879139,221.73999920053683
1141.3023023023022,50.9853667271063,221.37607024352988
1142.3633633633633,50.74263942769522,221.0277894125935
1143.4244244244244,50.482322005079574,220.69809034272492
1144.4854854854855,50.20474139967644,220.3893475967617
1145.5465465465466,49.910239425615124,220.10341622035693
1146.6076076076076,49.59917176573865,219.8416533674184
1147.6686686686687,49.27192162807318,219.6049694266584
1148.7297297297298,48.928901224901445,219.39385212414928
1149.7907907907909,48.57054984994356,219.208382993754
1150.851851851852,48.197344700962944,219.04828828576555
1151.9129129129128,47.80980240146348,218.91295625421193
1152.973973973974,47.408488001747635,218.80150448994365
1154.035035035035,46.99401522508398,218.71280861937362
1155.096096096096,46.56704301187547,218.64551680520037
1156.1571571571571,46.12827123010146,218.59809334836743
1157.2182182182182,45.67845136206879,218.5688631116409
1158.2792792792793,45.218362941156585,218.5560466259651
1159.3403403403404,44.74879669410478,218.5578057201783
1160.4014014014015,44.27055297368551,218.572250738571
1161.4624624624626,43.78442623719518,218.59745837021865
1162.5235235235236,43.29117727902964,218.6315216005294
1163.5845845845845,42.79151170731599,218.67255189347
1164.6456456456456,42.286018460860035,218.7186997132814
1165.7067067067067,41.775171942064546,218.76815488579877
1166.7677677677677,41.25931919207755,218.81914535847085
1167.8288288288288,40.738612075538796,218.86994551777008
1168.88988988989,40.212998322414215,218.9188671869712
1169.950950950951,39.68215989269115,218.9642414488394
1171.012012012012,39.14551828414134,219.00441642932122
1172.0730730730731,38.60224421298227,219.03775602368668
1173.1341341341342,38.05120783836383,219.06261778884408
1174.195195195195,37.490972838995475,219.077343514765
1175.2562562562562,36.9198911680969,219.0802888759244
1176.3173173173172,36.336116432489796,219.06982704401037
1177.3783783783783,35.737611852348074,219.04435106543113
1178.4394394394394,35.12223142301835,219.0023060041194
1179.5005005005005,34.48784828347423,218.94223655110417
1180.5615615615616,33.83247102748904,218.8628459031184
1181.6226226226227,33.15439545049797,218.7630617580024
1182.6836836836837,32.45221352763695,218.64203545640214
1183.7447447447448,31.725004934544458,218.49922151194727
1184.805805805806,30.972424856864745,218.33440779096605
1185.8668668668668,30.194792811366543,218.1477157767394
1186.9279279279278,29.393082288857368,217.93958166913453
1187.988988988989,28.568877245588943,217.71070274269078
1189.05005005005,27.724418279917675,217.46202163400383
1190.111111111111,26.862364766407637,217.19457081873762
1191.1721721721722,25.985669671134463,216.9093862164098
1192.2332332332332,25.09756068608035,216.60749644161663
1193.2942942942943,24.20132395520909,216.28981230152257
1194.3553553553554,23.30015994265765,215.95705828294257
1195.4164164164165,22.397053050000288,215.6097546717244
1196.4774774774776,21.494744915926766,215.24821769680025
1197.5385385385384,20.59567479950634,214.87257452620582
1198.5995995995995,19.70191870945312,214.48276093587498
1199.6606606606606,18.81522911825392,214.07862027484876
1200.7217217217217,17.937047957576276,213.65992851251963
1201.7827827827828,17.068527447634768,213.22641119173596
1202.8438438438438,16.210594161861607,212.77782733188843
1203.904904904905,15.36399855088402,212.31400249160782
1204.965965965966,14.529392558571647,211.83486806793297
1206.027027027027,13.70734413143036,211.34046666914352
1207.0880880880882,12.898402616574307,210.83097090914563
1208.1491491491493,12.103141535410101,210.30669130147209
1209.21021021021,11.322213922028586,209.768051767092
1210.2712712712712,10.556360941980913,209.21558852862466
1211.3323323323323,9.806425455098394,208.64993407505688
1212.3933933933934,9.073389905779091,208.07179390279492
1213.4544544544544,8.358355678415393,207.4819229726785
1214.5155155155155,7.662537496030336,206.8811120595176
1215.5765765765766,6.987258522286588,206.27019199355615
1216.6376376376377,6.333917336044053,205.65002294435584
1217.6986986986988,5.703981764694765,205.02149149385914
1218.7597597597598,5.098909516397169,204.38554267653493
1219.820820820821,4.520138341517193,203.7431874811447
1220.8818818818818,3.96908629891155,203.0955079337693
1221.9429429429429,3.4471117583136723,202.4436807300131
1223.004004004004,2.9554764676217626,201.78900283967295
1224.065065065065,2.495347205295445,201.1328869982087
1225.126126126126,2.0677846749042588,200.47686706579125
1226.1871871871872,1.6737405769643514,199.82259456347563
1227.2482482482483,1.3140509123335924,199.17182917477788
1228.3093093093094,0.9894340981635634,198.5264308750135
1229.3703703703704,0.7004720096666656,197.88829121879357
1230.4314314314315,0.4476070567103539,197.25932775610505
1231.4924924924926,0.23113994134253296,196.64148100915682
1232.5535535535535,0.051205923435075525,196.03665117405023
1233.6146146146145,-0.09223683005543666,195.44667193661073
1234.6756756756756,-0.19941810877179003,194.87327238363332
1235.7367367367367,-0.27076128635012436,194.31805839265135
1236.7977977977978,-0.3068830959189525,193.78250910914014
1237.8588588588589,-0.308587701777562,193.26795414103213
1238.91991991992,-0.27687233894570323,192.77555631504117
1239.980980980981,-0.21288144639546633,192.3063292844593
1241.042042042042,-0.11789734722831523,191.86113656583495
1242.1031031031032,0.006661733521780732,191.44069034417257
1243.1641641641643,0.15928385281427362,191.04556884358757
1244.2252252252251,0.3383806771725684,190.6762223654843
1245.2862862862862,0.542324897745621,190.33299819498072
1246.3473473473473,0.7694627592427713,190.01614741165787
1247.4084084084084,1.0181168345901044,189.72582677685415
1248.4694694694695,1.2866170502843592,189.4621200409774
1249.5305305305305,1.57330797229064,189.22504307981941
1250.5915915915916,1.8765644239600674,189.01456300076885
1251.6526526526527,2.194795134706198,188.8306022361999
1252.7137137137138,2.526442662977459,188.67303937074735
1253.7747747747749,2.8699907825937414,188.5417228655831
1254.8358358358357,3.2239690293069936,188.43647618696613
1255.8968968968968,3.586950244480969,188.35710652882392
1256.957957957958,3.957551108979544,188.303409802049
1258.019019019019,4.3344316660378785,188.27517080326882
1259.08008008008,4.7162941077757665,188.27216496284427
1260.1411411411411,5.101880830010172,188.29416754168895
1261.2022022022022,5.48997309499358,188.34095137302452
1262.2632632632633,5.879386776321146,188.41228666924565
1263.3243243243244,6.268971723698808,188.50794075362455
1264.3853853853855,6.657611300967533,188.62767747884232
1265.4464464464465,7.044218554135161,188.77125354056145
1266.5075075075074,7.4277342801716575,188.93841937727774
1267.5685685685685,7.8071250698744805,189.12891078580483
1268.6296296296296,8.181381429455813,189.34244440559382
1269.6906906906906,8.54951759169501,189.57871666843954
1270.7517517517517,8.910571307807054,189.8374019181597
1271.8128128128128,9.263601388226682,190.1181438559357
1272.873873873874,9.607687302870135,190.42055439150533
1273.934934934935,9.941931798300006,190.74420848086766
1274.995995995996,10.26546121742032,191.08864198439804
1276.0570570570571,10.57742575563427,191.45335042232156
1277.1181181181182,10.877001595101401,191.83778756980954
1278.179179179179,11.163393228597949,192.24136232788413
1279.2402402402402,11.435835232401455,192.66343896930582
1280.3013013013012,11.693599354290978,193.10333765917332
1281.3623623623623,11.935995317816266,193.56033372760356
1282.4234234234234,12.162371496141935,194.033657112268
1283.4844844844845,12.37211801428116,194.5224929081965
1284.5455455455456,12.5646733623018,195.02598281887225
1285.6066066066066,12.73952339693495,195.54322502678403
1286.6676676676677,12.8962039483962,196.0732757026395
1287.7287287287288,13.03430157735274,196.6151494593251
1288.78978978979,13.153454245214213,197.1678200388267
1289.8508508508507,13.253350429577306,197.73022324063172
1290.9119119119118,13.33373008157546,198.30125715547325
1291.972972972973,13.394382539074812,198.87978607127982
1293.034034034034,13.4351420274038,199.46464797620473
1294.095095095095,13.455887915488125,200.05465586350397
1295.1561561561562,13.45654492737367,200.64859913088586
1296.2172172172172,13.437079100592268,201.24525448993066
1297.2782782782783,13.397495371450345,201.84338661457107
1298.3393393393394,13.337835944284825,202.4417595529392
1299.4004004004005,13.258175847002077,203.0391522307408
1300.4614614614616,13.15862271917084,203.63435963465014
1301.5225225225224,13.03931652785363,204.22619390544904
1302.5835835835835,12.900427256504562,204.81349548960293
1303.6446446446446,12.742151167098445,205.39514793091274
1304.7057057057057,12.56471172397602,205.97007141998836
1305.7667667667668,12.368354716978978,206.53724888083534
1306.8278278278278,12.15334759245,207.09572725436246
1307.888888888889,11.919978892683867,207.64461774141495
1308.94994994995,11.66855767177203,208.18309578136135
1310.011011011011,11.399412307046795,208.71040343391368
1311.0720720720722,11.11288531449658,209.22586897243184
1312.1331331331332,10.809334453266263,209.72889808318965
1313.194194194194,10.489131730530914,210.2189758482641
1314.2552552552552,10.15266254981435,210.69566754215523
1315.3163163163163,9.80032515369671,211.1586179258395
1316.3773773773773,9.43253014974622,211.60755006776358
1317.4384384384384,9.049700404198656,212.04225965308729
1318.4994994994995,8.652268082694171,212.46262208482426
1319.5605605605606,8.24067869197158,212.86857616348965
1320.6216216216217,7.815391948629502,213.2601180859266
1321.6826826826828,7.376881404919114,213.63730054778043
1322.7437437437438,6.925634123184786,214.00023182365194
1323.804804804805,6.462152461703196,214.3490645728458
1324.8658658658658,5.986955807395085,214.6839846905765
1325.9269269269269,5.500581135499332,215.00521003735648
1326.987987987988,5.003587342578389,215.31296919909738
1328.049049049049,4.4965552397089485,215.6075004730373
1329.11011011011,3.9800875605384376,215.889051200453
1330.1711711711712,3.454809851135066,216.1578713642659
1331.2322322322323,2.9213745430720794,216.41419309573268
1332.2932932932933,2.380460358470904,216.65823655207794
1333.3543543543544,1.8327731718914482,216.8901970674161
1334.4154154154155,1.2790464971829862,217.1102436620105
1335.4764764764764,0.7200419779207053,217.31851846067624
1336.5375375375374,0.1565494318021917,217.51513671384996
1337.5985985985985,-0.4106148945576236,217.7001844067745
1338.6596596596596,-0.9806016544722498,217.87370805352256
1339.7207207207207,-1.5525382230170155,218.03573342355415
1340.7817817817818,-2.125529888374959,218.18626802831577
1341.8428428428429,-2.698658931768487,218.32530062792284
1342.903903903904,-3.2709836656754274,218.45280081649761
1343.964964964965,-3.8415410246084782,218.56872162475472
1345.026026026026,-4.4093614238294725,218.67302350982237
1346.0870870870872,-4.973437809787486,218.7656597667216
1347.148148148148,-5.532769155724736,218.84659657102227
1348.2092092092091,-6.086367568472183,218.9158180719123
1349.2702702702702,-6.633257558555075,218.973326771159
1350.3313313313313,-7.172475396942844,219.0191440268712
1351.3923923923924,-7.703068565900499,219.05331068104613
1352.4534534534534,-8.224119479939203,219.07588367249957
1353.5145145145145,-8.7347867423511,219.08694908220028
1354.5755755755756,-9.234277010147151,219.08661505036358
1355.6366366366367,-9.72191838566712,219.07497437151432
1356.6976976976978,-10.197164560206025,219.05210409679938
1357.7587587587589,-10.659595840199565,219.01806622484776
1358.8198198198197,-11.108922965888485,218.97290528199352
1359.8808808808808,-11.545056535954398,218.91659619120915
1360.9419419419419,-11.968131035282342,218.8490332847445
1362.003003003003,-12.378456808004852,218.77003625103043
1363.064064064064,-12.776519977736141,218.67934648923838
1364.1251251251251,-13.162984132703318,218.57662634397803
1365.1861861861862,-13.538669602591492,218.46147031191393
1366.2472472472473,-13.904383629777874,218.3334825791312
1367.3083083083084,-14.260857362549832,218.19231895869765
1368.3693693693695,-14.608419541488963,218.0379057898893
1369.4304304304305,-14.94694848617749,217.8704711049046
1370.4914914914914,-15.275705393110062,217.69066589762699
1371.5525525525525,-15.593004940379767,217.49980563284313
1372.6136136136136,-15.896371768279533,217.29980905644203
1373.6746746746746,-16.182563656416875,217.09319988070015
1374.7357357357357,-16.447741416300726,216.8829640656226
1375.7967967967968,-16.68785886849123,216.67230977309444
1376.8578578578579,-16.89899773464807,216.46404812017835
1377.918918918919,-17.077533129705646,216.26030410467746
1378.97997997998,-17.220258888339654,216.06223298144644
1380.0410410410411,-17.324535777645675,215.86949378213438
1381.1021021021022,-17.38856058209119,215.68068576646235
1382.163163163163,-17.41147555197678,215.49350891542903
1383.2242242242241,-17.393658649731265,215.30562174689237
1384.2852852852852,-17.336885957436024,215.11563323523512
1385.3463463463463,-17.244283258842827,214.9237199620017
1386.4074074074074,-17.120149951803015,214.73176606869654
1387.4684684684685,-16.969587848972004,214.5432047027544
1388.5295295295296,-16.797972408144698,214.36208622710916
1389.5905905905906,-16.610763162393994,214.1927204403435
1390.6516516516517,-16.413083289146247,214.0387713872503
1391.7127127127128,-16.209539784062247,213.90290672334726
1392.7737737737739,-16.00414192077099,213.78667879502797
1393.8348348348347,-15.80021252027604,213.69043102430115
1394.8958958958958,-15.600427249556523,213.6135867030152
1395.956956956957,-15.406853311662354,213.5548361236865
1397.018018018018,-15.220974893251197,213.51221960743908
1398.079079079079,-15.04379930857061,213.48349390063606
1399.1401401401401,-14.875943395550676,213.46628171925215
1400.2012012012012,-14.717696314163884,213.45818790485652
1401.2622622622623,-14.569086519815967,213.45690732334418
1402.3233233233234,-14.42995693354816,213.46031064711133
1403.3843843843845,-14.300029443743705,213.46648996024447
1404.4454454454456,-14.178918419766385,213.47376322740988
1405.5065065065064,-14.066184252248437,213.48069741180484
1406.5675675675675,-13.961360092782046,213.48609847743506
1407.6286286286286,-13.863976728351616,213.4889920961997
1408.6896896896897,-13.77356508554883,213.48862020125105
1409.7507507507507,-13.689673507013087,213.48441678329962
1410.8118118118118,-13.61187608547495,213.4759940785388
1411.872872872873,-13.539775605125271,213.4631060853537
1412.933933933934,-13.473004647505322,213.4456428582555
1413.994994994995,-13.411225345498787,213.4236248723049
1415.0560560560561,-13.354130791820225,213.39717355365056
1416.117117117117,-13.30144299134264,213.3665048846205
1417.178178178178,-13.25290841848118,213.3319106919153
1418.2392392392392,-13.20829775809557,213.29375707407675
1419.3003003003003,-13.167404300494727,213.25248016302257
1420.3613613613613,-13.130040504057007,213.2085719466015
1421.4224224224224,-13.096036207069757,213.16257902734262
1422.4834834834835,-13.065232803353117,213.115093226473
1423.5445445445446,-13.037483005159288,213.06675120841913
1424.6056056056057,-13.012650451337597,213.01823412226477
1425.6666666666667,-12.990603379660248,212.97025965253567
1426.7277277277278,-12.971217180140973,212.92358398678678
1427.7887887887887,-12.9543634341926,212.8789917317005
1428.8498498498498,-12.939906556185608,212.83729253849538
1429.9109109109108,-12.927703781880485,212.7993211687068
1430.971971971972,-12.917602636957218,212.76593479470895
1432.033033033033,-12.909427987421587,212.73799978156703
1433.094094094094,-12.902985969649231,212.71639647190358
1434.1551551551552,-12.89803970344075,212.7019912767334
1435.2162162162163,-12.894306147411726,212.69563314645572
1436.2772772772773,-12.891456088429468,212.69815354196058
1437.3383383383384,-12.889104849600912,212.710353304559
1438.3993993993995,-12.886790786825951,212.73297921482015
1439.4604604604604,-12.883974112934387,212.76671786027345
1440.5215215215214,-12.880018345248082,212.8121617688675
1441.5825825825825,-12.874189813261394,212.86980822679496
1442.6436436436436,-12.865658440742923,212.94005752633393
1443.7047047047047,-12.853492501312125,213.02318221010097
1444.7657657657658,-12.836638660618567,213.11931775247373
1445.8268268268268,-12.813968776535393,213.22845656562853
1446.887887887888,-12.784288551936584,213.35044311806655
1447.948948948949,-12.746337863676555,213.4849734218972
1449.01001001001,-12.698809389367742,213.63159952324224
1450.0710710710712,-12.640407690237645,213.78973503214897
1451.132132132132,-12.569864333988983,213.95866731414694
1452.193193193193,-12.486012565471343,214.13759451114626
1453.2542542542542,-12.387791702532763,214.32562781010174
1454.3153153153153,-12.274260082371526,214.5218033214366
1455.3763763763764,-12.144666173273162,214.72512610001556
1456.4374374374374,-11.998449894600313,214.93458246086624
1457.4984984984985,-11.83525652442752,215.14918131371445
1458.5595595595596,-11.654937868956369,215.36795809166898
1459.6206206206207,-11.45754459066716,215.5899821930982
1460.6816816816818,-11.243319155102688,215.81439100737487
1461.7427427427428,-11.012680704021273,216.04039110741383
1462.8038038038037,-10.76616282393261,216.26726906161716
1463.8648648648648,-10.504409489879375,216.4943929867244
1464.9259259259259,-10.228172022143527,216.72121260973896
1465.986986986987,-9.938253840703345,216.94725727956342
1467.048048048048,-9.635491614375075,217.17213711975126
1468.109109109109,-9.320724587454382,217.39552964252016
1469.1701701701702,-8.994781385678916,217.6171763931858
1470.2312312312313,-8.658478876217641,217.8368815527716
1471.2922922922924,-8.312599926641397,218.05449970265795
1472.3533533533534,-7.95788451500582,218.26993387869555
1473.4144144144145,-7.595028151418694,218.48312263745493
1474.4754754754754,-7.224679710959101,218.69403619284552
1475.5365365365365,-6.84744166942649,218.90267581884248
1476.5975975975975,-6.463873297948307,219.109071542647
1477.6586586586586,-6.074490909260267,219.31327301757756
1478.7197197197197,-5.679768547478213,219.51535119764242
1479.7807807807808,-5.280157769668796,219.71539710104204
1480.8418418418419,-4.87608868447094,219.91352133220275
1481.902902902903,-4.467970158132575,220.1098538040047
1482.963963963964,-4.056190923643569,220.30454360877278
1484.0250250250251,-3.641140137252434,220.4977616741604
1485.0860860860862,-3.2232045551160198,220.68970035715387
1486.147147147147,-2.8027822590031266,220.880575387117
1487.2082082082081,-2.3802892407536724,221.0706266648079
1488.2692692692692,-1.9561595734153936,221.26011816723226
1489.3303303303303,-1.5308466946464014,221.4493375184934
1490.3913913913914,-1.1048377622367112,221.63859590499735
1491.4524524524525,-0.6786523136842696,221.82823269811962
1492.5135135135135,-0.25284898525255034,222.01860528134458
1493.5745745745746,0.17197192576193215,222.21008734342672
1494.6356356356357,0.5951681417585903,222.40306881778767
1495.6966966966968,1.0160550555362948,222.59795582460305
1496.7577577577576,1.4339093694305889,222.7951602258735
1497.8188188188187,1.8479566182785931,222.9950989967958
1498.8798798798798,2.2573735818634444,223.19819733415883
1499.940940940941,2.6613095271335974,223.40485894623657
1501.002002002002,3.058886127078538,223.61546524559915
1502.063063063063,3.4491970871417683,223.83037500408048
1503.1241241241241,3.8313077999496947,224.04992394941704
1504.1851851851852,4.204255442589734,224.27442408566338
1505.2462462462463,4.567084074748253,224.50413840057064
1506.3073073073074,4.918833912544023,224.73927524790756
1507.3683683683685,5.2585666923895085,224.97999304064766
1508.4294294294293,5.585389906610707,225.2263910066055
1509.4904904904904,5.898457025722485,225.47850863449216
1510.5515515515515,6.196968886098726,225.73632521636412
1511.6126126126126,6.480224534935988,225.9997608767349
1512.6736736736736,6.747602887110646,226.26866768433382
1513.7347347347347,6.998628541387678,226.542845598928
1514.7957957957958,7.233007753772227,226.82204835083635
1515.856856856857,7.450629273250763,227.10598388018872
1516.917917917918,7.651565346112825,227.39431483591812
1517.978978978979,7.836133803339087,227.68666280664777
1519.0400400400401,8.004935186274801,227.98263722160115
1520.101101101101,8.158871097886367,228.2818006739487
1521.162162162162,8.299177846489897,228.5836560071574
1522.2232232232232,8.427426884748202,228.8876481035726
1523.2842842842842,8.545518240778756,229.19315068702096
1524.3453453453453,8.655707495246801,229.49939487018105
1525.4064064064064,8.760554132593045,229.80544573643945
1526.4674674674675,8.862786966541133,230.11013998967698
1527.5285285285286,8.965297473149235,230.41208233989204
1528.5895895895897,9.070986891523626,230.70967675995982
1529.6506506506507,9.18259051708746,231.00109194752895
1530.7117117117118,9.30233337308999,231.28462103575967
1531.7727727727727,9.43178431812509,231.55880638740751
1532.8338338338338,9.57168586759562,231.8226754636306
1533.8948948948948,9.721614490980834,232.07621393568206
1534.955955955956,9.880021646547156,232.32048731964682
1536.017017017017,10.04425035269032,232.55766958210012
1537.078078078078,10.210745711114356,232.79083841395908
1538.1391391391392,10.375439888135139,233.02350329721185
1539.2002002002002,10.534311478449649,233.25886847200778
1540.2612612612613,10.68352529685977,233.49967353100993
1541.3223223223224,10.819926425132138,233.74764068560782
1542.3833833833835,10.941181826119113,234.00353544119795
1543.4444444444443,11.045827919400375,234.2672805676778
1544.5055055055054,11.13325368002534,234.5381897249835
1545.5665665665665,11.203580930414176,234.815267184424
1546.6276276276276,11.257466237715017,235.09744101646027
1547.6886886886887,11.296045480165954,235.38360728440216
1548.7497497497498,11.320721090445891,235.67275275753315
1549.8108108108108,11.333032033272946,235.96394777702326
1550.871871871872,11.33456944494826,236.25633923108444
1551.932932932933,11.326915387335065,236.54914103121837
1552.993993993994,11.311573660112382,236.84161961682713
1554.0550550550552,11.289930622424691,237.13309311288697
1555.116116116116,11.263245408402577,237.4229305514429
1556.177177177177,11.232635422569667,237.7105566755627
1557.2382382382382,11.199062258431493,237.99545450686173
1558.2992992992993,11.163335334547334,238.2771786686975
1559.3603603603603,11.126111394340098,238.55535767663997
1560.4214214214214,11.087895785379558,238.82969366734864
1561.4824824824825,11.049048896354076,239.0999702265756
1562.5435435435436,11.00978723165589,239.36605372695658
1563.6046046046047,10.970204294600737,239.62789459560543
1564.6656656656658,10.930273295794942,239.88552740077034
1565.7267267267268,10.889848748474678,240.13907008820112
1566.7877877877877,10.848687509133004,240.38872276878158
1567.8488488488488,10.806452280491241,240.6347684286403
1568.9099099099099,10.762741799334192,240.87756486857722
1569.970970970971,10.717097661041784,241.11754323657982
1571.032032032032,10.669006304128787,241.35520704333643
1572.093093093093,10.617926972160733,241.59112258256272
1573.1541541541542,10.563298359438706,241.82591829839396
1574.2152152152153,10.504569010569554,242.06026633791905
1575.2762762762763,10.441204461862414,242.29487897714955
1576.3373373373374,10.372688123322247,242.5305078288058
1577.3983983983983,10.298543403104869,242.7679260848168
1578.4594594594594,10.21834147375162,243.00792809427918
1579.5205205205204,10.131714182756571,243.2513022826281
1580.5815815815815,10.038359451021387,243.49882352957354
1581.6426426426426,9.938041222262962,243.75125352185154
1582.7037037037037,9.830596209697813,244.00931936699573
1583.7647647647648,9.715939145196016,244.27370604601262
1584.8258258258259,9.594066319740923,244.54502847420355
1585.886886886887,9.46506106515,244.82380586928554
1586.947947947948,9.329093554498648,245.11046247463617
1588.009009009009,9.186420577315221,245.40532383672598
1589.07007007007,9.037394143092126,245.70857447999504
1590.131131131131,8.882463172303552,246.02025670437723
1591.1921921921921,8.72215942132221,246.3402695945713
1592.2532532532532,8.557096359398294,246.66836797795077
1593.3143143143143,8.387968274384813,247.0041639203771
1594.3753753753754,8.215521271494953,247.347154458063
1595.4364364364365,8.040560515893016,247.69670866401108
1596.4974974974975,7.86388710683426,248.05214430060317
1597.5585585585586,7.686272578253597,248.41275639655964
1598.6196196196197,7.508459008523469,248.77781672476232
1599.6806806806808,7.331140698581688,249.1465951473499
1600.7417417417416,7.1549000785413455,249.51843291294205
1601.8028028028027,6.9802145772477004,249.8927344620272
1602.8638638638638,6.8074399762411515,250.26898862789875
1603.9249249249249,6.636809904291885,250.64676855866654
1604.985985985986,6.468453339754122,251.02572311835524
1606.047047047047,6.302358969815731,251.405598616061
1607.1081081081081,6.138420847251563,251.7862104283149
1608.1691691691692,5.976494210355671,252.16741258435184
1609.2302302302303,5.816395591618911,252.54909755977818
1610.2912912912914,5.657902851990868,252.93119608834496
1611.3523523523525,5.500757693377583,253.31367580895648
1612.4134134134133,5.344737535775176,253.69650706515358
1613.4744744744744,5.189664043972336,254.07965990310936
1614.5355355355355,5.03541025204358,254.46310521190176
1615.5965965965966,4.881914362511855,254.84680901667502
1616.6576576576576,4.729180252965193,255.23073186247285
1617.7187187187187,4.577294242388603,255.61482400316143
1618.7797797797798,4.426431336514539,255.99902589663282
1619.8408408408409,4.276841299050514,256.3832643731807
1620.901901901902,4.128847879404024,256.76745217189443
1621.962962962963,3.982848766089948,257.15148797778534
1623.0240240240241,3.8393150224799446,257.5352564733475
1624.085085085085,3.6987665463685375,257.9186272497224
1625.146146146146,3.561775113266104,258.3014522063483
1626.2072072072071,3.4289370782537065,258.6835695125197
1627.2682682682682,3.3008588447243796,259.0648043412673
1628.3293293293293,3.1781569065173803,259.44496864834235
1629.3903903903904,3.0614528589753367,259.82386226200407
1630.4514514514515,2.9513420796028473,260.2012779133071
1631.5125125125126,2.848397034765611,260.57700009573534
1632.5735735735736,2.7531457795756236,260.9508151947871
1633.6346346346347,2.666069060041905,261.32251234675374
1634.6956956956958,2.587600350934977,261.69188325740197
1635.7567567567567,2.518121959773578,262.0587257930772
1636.8178178178177,2.45795043604775,262.422851725121
1637.8788788788788,2.4073422268561555,262.7840855259949
1638.93993993994,2.366493800771989,263.14227086454497
1640.001001001001,2.335541561495236,263.49727080043266
1641.062062062062,2.3145618493543805,263.84896779848316
1642.1231231231232,2.303573180227897,264.1972635199445
1643.1841841841842,2.3025427378157035,264.5420823690415
1644.2452452452453,2.3113791628332243,264.88337349454684
1645.3063063063064,2.329952155936441,265.2211028764575
1646.3673673673675,2.358094620270908,265.55525283720976
1647.4284284284283,2.3956026552768974,265.8858221453842
1648.4894894894894,2.442235550107027,266.21282610948793
1649.5505505505505,2.4977210378232497,266.53629341780413
1650.6116116116116,2.5617723609331082,266.85625704763027
1651.6726726726727,2.6340800827778503,267.1727585944502
1652.7337337337337,2.714327563773946,267.4858366658843
1653.7947947947948,2.802192147524217,267.79552612467904
1654.855855855856,2.8973451541411754,268.10185813639725
1655.916916916917,2.9994533703486352,268.4048590796142
1656.977977977978,3.1081912992123475,268.70454067772505
1658.039039039039,3.223237437308143,269.0009024324901
1659.1001001001,3.344281064262433,269.2939273292137
1660.161161161161,3.4710237924150844,269.5835807011602
1661.2222222222222,3.6031795623872425,269.86981020264886
1662.2832832832833,3.7404746385331724,270.1525457856828
1663.3443443443443,3.8826470198202503,270.43170161292267
1664.4054054054054,4.029451998847193,270.7071717852813
1665.4664664664665,4.18066206150163,270.9788285729469
1666.5275275275276,4.336059281928408,271.2465340434546
1667.5885885885887,4.495435128795169,271.5101403283862
1668.6496496496497,4.658590460160653,271.76948955062386
1669.7107107107106,4.825335518642274,272.02441375223447
1670.7717717717717,4.9954899270187445,272.2747348226901
1671.8328328328328,5.168881723419561,272.52026571467763
1672.8938938938938,5.345336631444957,272.7608243061947
1673.954954954955,5.524683565479329,272.99622544820505
1675.016016016016,5.7067510192365445,273.2262863321195
1676.077077077077,5.89136530707234,273.45082882408747
1677.1381381381382,6.078350540855355,273.6696794009391
1678.1991991991993,6.267528605428747,273.8826690876293
1679.2602602602603,6.45872173531611,274.0896341897395
1680.3213213213214,6.651748542410245,274.2904203640309
1681.3823823823823,6.846413830508664,274.4848806874663
1682.4434434434434,7.04252971656402,274.6728762333247
1683.5045045045044,7.239916939259695,274.85427623724644
1684.5655655655655,7.438404852371482,275.02895811348515
1685.6266266266266,7.637831419871753,275.19680747229035
1686.6876876876877,7.838043212847402,275.35771813898606
1687.7487487487488,8.038895408288305,275.5115921753119
1688.8098098098098,8.240264960152798,275.6583419354804
1689.870870870871,8.442069027473902,275.7978879116751
1690.931931931932,8.644247796482096,275.9301599319946
1691.992992992993,8.846781726815825,276.05510501367985
1693.054054054054,9.049692042956979,276.17268761548723
1694.115115115115,9.253040848180301,276.2828897721919
1695.176176176176,9.456931010013022,276.38571132717743
1696.2372372372372,9.661496774009768,276.4811811757702
1697.2982982982983,9.866939853926072,276.56935721764046
1698.3593593593594,10.073487299591157,276.6503315561051
1699.4204204204204,10.281369457908824,276.7242369806049
1700.4814814814815,10.490820023271699,276.7912471027991
1701.5425425425426,10.702076091854169,276.85157649644674
1702.6036036036037,10.91537791313313,276.90548075258175
1703.6646646646648,11.130917326798018,276.9532495312383
1704.7257257257256,11.348820460147513,276.9952180580637
1705.7867867867867,11.569140412962565,277.0317398084651
1706.8478478478478,11.79183192018288,277.06317310860067
1707.9089089089089,12.016750962526789,277.08988116100716
1708.96996996997,12.243656712879472,277.1122290938131
1710.031031031031,12.472202448591805,277.1305500855775
1711.0920920920921,12.70190492810495,277.1451478159501
1712.1531531531532,12.932223715214281,277.15627303388493
1713.2142142142143,13.162571931850175,277.16411747741984
1714.2752752752754,13.39231594348578,277.1688136955095
1715.3363363363364,13.620776390418195,277.17043484648406
1716.3973973973973,13.847303187632704,277.16898968859186
1717.4584584584584,14.071295567687182,277.1644178379306
1718.5195195195195,14.292236437900906,277.15660216183096
1719.5805805805805,14.50972143075907,277.14537052222886
1720.6416416416416,14.723459462246431,277.13049557137725
1721.7027027027027,14.933278315284694,277.1116965865896
1722.7637637637638,15.139175771490097,277.0886455005669
1723.8248248248249,15.34129513756073,277.06096447266725
1724.885885885886,15.539895114979306,277.0282264165062
1725.946946946947,15.73535013574958,276.9899547018539
1727.0080080080081,15.928150913818106,276.94562275719585
1728.069069069069,16.118878372130354,276.8946590535659
1729.13013013013,16.308145072178107,276.8364444660758
1730.1911911911911,16.496589152602674,276.7703240380098
1731.2522522522522,16.68480195362195,276.6956396394696
1732.3133133133133,16.873325381041894,276.6117304983709
1733.3743743743744,17.06264736935479,276.5179370703746
1734.4354354354355,17.25313839859483,276.41364803808324
1735.4964964964965,17.445039451814846,276.2983070269985
1736.5575575575576,17.638448665769314,276.17145533537314
1737.6186186186187,17.833314428982824,276.03274146985484
1738.6796796796796,18.029434991368998,275.88192206462054
1739.7407407407406,18.226469610557874,275.71887576228147
1740.8018018018017,18.423911181609807,275.54363537980726
1741.8628628628628,18.621142052819383,275.35635707369005
1742.923923923924,18.817455562422317,275.1573138334504
1743.984984984985,19.01205546586982,274.94689727968574
1745.046046046046,19.204055900054378,274.725619216558
1746.1071071071071,19.392530076915893,274.49408213787905
1747.1681681681682,19.57652962387964,274.25296830702496
1748.2292292292293,19.755109013372078,274.00302190160426
1749.2902902902904,19.927348902176963,273.7450343303683
1750.3513513513512,20.09235655464277,273.4798449244501
1751.4124124124123,20.249287101502375,273.208328309057
1752.4734734734734,20.397366759373472,272.9313781261357
1753.5345345345345,20.53590366531758,272.6499030875622
1754.5955955955956,20.664308081987617,272.36481564408234
1755.6566566566567,20.782093269855586,272.0770309274948
1756.7177177177177,20.88887686619801,271.7874650287807
1757.7787787787788,20.984397803637734,271.497024163516
1758.83983983984,21.06852306822566,271.2066041775971
1759.900900900901,21.141243445832593,270.91708241531273
1760.961961961962,21.20267492511572,270.62931334395614
1762.023023023023,21.2530589606463,270.34412665784157
1763.084084084084,21.29276191011457,270.06232522469315
1764.145145145145,21.322258424842808,269.7846755596363
1765.2062062062062,21.34215323235475,269.5119091796746
1766.2672672672672,21.353142179847932,269.2447135843792
1767.3283283283283,21.355995952900418,268.98372706440557
1768.3893893893894,21.351559661798795,268.729537923615
1769.4504504504505,21.34075240729108,268.48268387775573
1770.5115115115116,21.324557958866027,268.24365053214825
1771.5725725725727,21.303975970828674,268.0128631664219
1772.6336336336337,21.280037349862788,267.7906895093819
1773.6946946946946,21.25376312247935,267.57743915227815
1774.7557557557557,21.226158775126496,267.37336378232897
1775.8168168168168,21.19821414400445,267.1786579275051
1776.8778778778778,21.170890407594342,266.9934601487805
1777.938938938939,21.14508624589779,266.81785524494546
1779.0,21.12164381978164,266.6518761501898
