site,comp,tilt,dec,inc,alpha95,k,n,lat,lon,vgp_lat,vgp_lon,vgp_dp,vgp_dm
SLB01,hem,0,274.5,12.1,2.2,541,9,47.5367,-90.94,7.5,179.9,1.1,2.2
SLB01,hem,100,270.8,25.2,2.2,539,9,47.5367,-90.94,10.3,187.5,1.3,2.4
SLB01,mag,0,274.2,13.5,3.1,285,9,47.5367,-90.94,7.9,180.6,1.6,3.2
SLB01,mag,100,270.2,26.6,3.1,285,9,47.5367,-90.94,10.5,188.5,1.8,3.4
SLB02,hem,0,275.2,12.2,3.8,186,9,47.5367,-90.94,8.1,179.4,2.0,3.9
SLB02,hem,100,271.6,25.5,3.8,187,9,47.5367,-90.94,10.9,187.1,2.2,4.1
SLB02,mag,0,278.1,14.3,4.0,166,9,47.5367,-90.94,10.8,178.0,2.1,4.1
SLB02,mag,100,274.2,28.1,4.0,165,9,47.5367,-90.94,13.8,186.3,2.4,4.4
SLB03,hem,0,296.3,35.5,4.7,142,8,47.5344,-90.935,32.0,173.6,3.1,5.4
SLB03,hem,100,291.2,51.7,4.7,142,8,47.5344,-90.935,36.9,188.8,4.4,6.4
SLB03,mag,0,295.0,35.3,3.9,201,8,47.5344,-90.935,31.0,174.5,2.6,4.5
SLB03,mag,100,289.5,51.3,3.9,204,8,47.5344,-90.935,35.6,189.6,3.6,5.3
SLB04,hem,0,295.9,37.7,2.9,357,8,47.5342,-90.9348,32.8,175.2,2.0,3.4
SLB04,hem,100,290.2,53.8,2.9,357,8,47.5342,-90.9348,37.5,191.5,2.8,4.1
SLB04,mag,0,297.8,37.0,2.7,430,8,47.5342,-90.9348,33.7,173.3,1.9,3.2
SLB04,mag,100,292.9,53.3,2.7,427,8,47.5342,-90.9348,39.0,189.3,2.6,3.8
SLB05,hem,0,292.3,39.4,3.7,223,8,47.5341,-90.935,31.1,178.9,2.7,4.4
SLB05,hem,100,284.9,55.0,3.7,223,8,47.5341,-90.935,34.7,195.9,3.7,5.2
SLB05,mag,0,294.5,39.2,3.7,219,8,47.5341,-90.935,32.5,177.1,2.6,4.4
SLB05,mag,100,287.9,55.2,3.8,218,8,47.5341,-90.935,36.8,194.3,3.8,5.4
SLB06,hem,0,291.1,37.3,2.8,337,9,47.5344,-90.9351,29.3,178.5,1.9,3.3
SLB06,hem,100,284.1,52.8,2.8,337,9,47.5344,-90.9351,32.9,194.3,2.7,3.9
SLB06,mag,0,290.4,37.2,2.8,336,9,47.5344,-90.9351,28.8,179.0,1.9,3.3
SLB06,mag,100,283.2,52.6,2.8,337,9,47.5344,-90.9351,32.2,194.7,2.7,3.9
SLB07,hem,0,291.8,40.8,6.7,60,9,47.5337,-90.9344,31.5,180.1,4.9,8.1
SLB07,hem,100,283.8,56.4,6.7,60,9,47.5337,-90.9344,34.9,197.9,7.0,9.7
SLB07,mag,0,291.9,41.0,6.5,63,9,47.5337,-90.9344,31.7,180.2,4.8,7.9
SLB07,mag,100,283.9,56.6,6.5,63,9,47.5337,-90.9344,35.1,198.1,6.8,9.4
SLB08,hem,0,289.6,41.1,1.7,870,9,47.5333,-90.9343,30.2,181.9,1.3,2.1
SLB08,hem,100,280.8,56.3,1.8,863,9,47.5333,-90.9343,32.9,199.6,1.9,2.6
SLB08,mag,0,290.1,40.3,2.1,625,9,47.5333,-90.9343,30.1,181.1,1.5,2.5
SLB08,mag,100,281.8,55.6,2.1,617,9,47.5333,-90.9343,33.1,198.3,2.1,3.0
SLB09,hem,0,287.4,42.3,10.7,33,7,47.5329,-90.9341,29.3,184.3,8.1,13.2
SLB09,hem,100,277.3,57.2,10.7,32,7,47.5329,-90.9341,31.3,202.5,11.4,15.6
SLB09,mag,0,288.3,41.8,11.0,31,7,47.5329,-90.9341,29.6,183.3,8.2,13.5
SLB09,mag,100,278.8,56.8,11.0,31,7,47.5329,-90.9341,32.0,201.3,11.6,16.0
SLB10,hem,0,268.4,14.0,6.7,60,9,47.5325,-90.9334,4.2,185.0,3.5,6.9
SLB10,hem,100,263.4,28.8,4.8,115,9,47.5325,-90.9334,6.9,194.3,2.9,5.3
SLB10,mag,0,269.2,12.3,5.7,83,9,47.5325,-90.9334,4.0,183.9,3.0,5.8
SLB10,mag,100,264.6,27.3,5.2,98,9,47.5325,-90.9334,7.1,192.8,3.1,5.7
SLB11,hem,0,268.1,26.0,8.6,37,9,47.5322,-90.9335,8.8,189.8,5.0,9.3
SLB11,hem,100,260.3,37.5,8.6,37,9,47.5322,-90.9335,9.1,200.3,6.0,10.1
SLB11,mag,0,271.6,24.6,8.4,39,9,47.5322,-90.9335,10.5,186.7,4.8,9.0
SLB11,mag,100,264.5,36.9,8.4,39,9,47.5322,-90.9335,11.5,197.1,5.8,9.8
SLB12,hem,0,270.0,22.7,2.7,359,9,47.5322,-90.9335,8.7,187.1,1.5,2.9
SLB12,hem,100,263.3,34.7,2.7,360,9,47.5322,-90.9335,9.6,196.9,1.8,3.1
SLB12,mag,0,270.9,19.5,2.9,324,9,47.5322,-90.9335,8.0,185.2,1.6,3.0
SLB12,mag,100,265.2,31.8,2.9,324,9,47.5322,-90.9335,9.5,194.3,1.8,3.3
SLB13,hem,0,270.1,12.5,6.0,85,8,47.5318,-90.9329,4.7,183.3,3.1,6.1
SLB13,hem,100,266.0,24.9,6.0,85,8,47.5318,-90.9329,6.9,190.9,3.5,6.4
SLB13,mag,0,270.5,11.7,5.8,91,8,47.5318,-90.9329,4.7,182.7,3.0,5.9
SLB13,mag,100,266.7,24.2,5.8,91,8,47.5318,-90.9329,7.1,190.1,3.3,6.2
SLB14,hem,0,273.1,16.7,5.5,87,9,47.5311,-90.9325,8.4,182.6,2.9,5.7
SLB14,hem,100,268.3,29.5,5.5,88,9,47.5311,-90.9325,10.5,191.1,3.4,6.1
SLB14,mag,0,268.5,10.7,2.4,462,9,47.5311,-90.9325,3.0,183.8,1.2,2.4
SLB14,mag,100,264.8,22.8,2.4,472,9,47.5311,-90.9325,5.3,190.9,1.4,2.5
SLB15,hem,0,271.1,10.8,4.6,148,8,47.5309,-90.9315,4.8,181.9,2.4,4.7
SLB15,hem,100,267.6,23.4,4.6,149,8,47.5309,-90.9315,7.4,189.1,2.6,4.9
SLB15,mag,0,270.7,10.3,5.2,114,8,47.5309,-90.9315,4.3,182.1,2.7,5.3
SLB15,mag,100,267.3,22.8,5.2,114,8,47.5309,-90.9315,6.9,189.1,2.9,5.5
SLB16,hem,0,279.5,9.5,5.6,86,9,47.5306,-90.931,9.9,175.3,2.9,5.7
SLB16,hem,100,276.7,23.6,5.6,86,9,47.5306,-90.931,13.6,182.6,3.2,6.0
SLB16,mag,0,278.0,9.6,7.2,53,9,47.5306,-90.931,9.0,176.4,3.7,7.3
SLB16,mag,100,275.0,23.5,7.2,53,9,47.5306,-90.931,12.4,183.8,4.1,7.7
SLB17,hem,0,290.4,35.9,6.6,71,8,47.5302,-90.9308,28.2,178.3,4.4,7.7
SLB17,hem,100,283.5,51.4,6.6,71,8,47.5302,-90.9308,31.7,193.5,6.1,9.0
SLB17,mag,0,289.8,34.8,6.8,68,8,47.5302,-90.9308,27.3,178.1,4.5,7.8
SLB17,mag,100,283.0,50.2,6.8,68,8,47.5302,-90.9308,30.7,192.9,6.1,9.1
SLB18,hem,0,287.1,36.1,3.6,205,9,47.5301,-90.9306,26.1,180.8,2.4,4.2
SLB18,hem,100,279.2,51.1,3.6,206,9,47.5301,-90.9306,28.7,196.0,3.3,4.9
SLB18,mag,0,287.0,36.7,3.5,217,9,47.5301,-90.9306,26.3,181.2,2.4,4.1
SLB18,mag,100,278.8,51.6,3.5,218,9,47.5301,-90.9306,28.7,196.6,3.2,4.8
SLB19,hem,0,290.2,33.0,3.6,208,9,47.5299,-90.9304,26.7,176.9,2.3,4.1
SLB19,hem,100,284.0,48.4,3.6,208,9,47.5299,-90.9304,30.3,190.8,3.1,4.7
SLB19,mag,0,289.4,33.4,3.4,228,9,47.5299,-90.9304,26.4,177.7,2.2,3.9
SLB19,mag,100,282.9,48.8,3.4,231,9,47.5299,-90.9304,29.8,191.8,3.0,4.5
SLB20,hem,0,293.8,36.1,3.7,223,8,47.5298,-90.9303,30.6,175.8,2.5,4.3
SLB20,hem,100,287.8,51.9,3.7,223,8,47.5298,-90.9303,34.8,191.2,3.5,5.1
SLB20,mag,0,295.1,35.9,4.1,181,8,47.5298,-90.9303,31.4,174.7,2.8,4.8
SLB20,mag,100,289.6,51.9,4.1,180,8,47.5298,-90.9303,36.0,190.1,3.8,5.6
SLB21,hem,0,288.2,29.5,4.2,173,8,47.5295,-90.93,23.8,176.7,2.6,4.6
SLB21,hem,100,282.4,44.7,4.2,173,8,47.5295,-90.93,27.2,189.3,3.3,5.3
SLB21,mag,0,290.2,29.9,3.9,202,8,47.5295,-90.93,25.3,175.4,2.4,4.3
SLB21,mag,100,284.7,45.4,3.9,201,8,47.5295,-90.93,29.1,188.2,3.1,5.0
SLB22,hem,0,288.4,36.0,3.3,278,8,47.5279,-90.9312,26.9,179.8,2.2,3.8
SLB22,hem,100,281.0,51.1,3.3,280,8,47.5279,-90.9312,29.9,194.9,3.0,4.5
SLB22,mag,0,287.2,34.6,3.2,296,8,47.5279,-90.9312,25.4,180.0,2.1,3.7
SLB22,mag,100,279.8,49.6,3.2,295,8,47.5279,-90.9312,28.2,194.5,2.8,4.3
SLB23,hem,0,293.2,33.9,3.4,320,7,47.5278,-90.9312,29.1,175.1,2.2,3.9
SLB23,hem,100,287.6,49.7,3.4,321,7,47.5278,-90.9312,33.4,189.5,3.0,4.5
SLB23,mag,0,294.3,33.4,3.2,364,7,47.5278,-90.9312,29.7,174.0,2.1,3.6
SLB23,mag,100,289.0,49.4,3.2,361,7,47.5278,-90.9312,34.2,188.3,2.8,4.2
SLB24,hem,0,287.7,29.4,4.1,161,9,47.5276,-90.9313,23.4,177.0,2.5,4.5
SLB24,hem,100,281.8,44.6,4.1,161,9,47.5276,-90.9313,26.7,189.6,3.3,5.2
SLB24,mag,0,287.9,27.5,3.5,222,9,47.5276,-90.9313,22.7,176.0,2.1,3.8
SLB24,mag,100,282.5,42.7,3.5,222,9,47.5276,-90.9313,26.2,187.9,2.7,4.3
SLB25,hem,0,286.4,28.8,3.7,174,10,47.5272,-90.9311,22.3,177.7,2.2,4.1
SLB25,hem,100,280.4,43.7,3.7,174,10,47.5272,-90.9311,25.3,190.0,2.9,4.6
SLB25,mag,0,283.7,27.4,4.0,148,10,47.5272,-90.9311,19.9,179.1,2.4,4.4
SLB25,mag,100,277.5,42.0,4.0,148,10,47.5272,-90.9311,22.5,190.9,3.0,4.9
SLB26,hem,0,292.1,33.6,5.0,124,8,47.5265,-90.9309,28.3,175.8,3.2,5.7
SLB26,hem,100,286.2,49.3,5.0,124,8,47.5265,-90.9309,32.2,190.1,4.4,6.6
SLB26,mag,0,291.9,35.5,4.9,128,8,47.5265,-90.9309,29.0,177.0,3.3,5.7
SLB26,mag,100,285.5,51.2,4.9,127,8,47.5265,-90.9309,32.9,192.1,4.5,6.6
SLB27,hem,0,293.6,33.9,4.3,171,8,47.5263,-90.9306,29.4,174.8,2.8,4.9
SLB27,hem,100,288.1,49.8,4.2,171,8,47.5263,-90.9306,33.8,189.2,3.7,5.6
SLB27,mag,0,293.4,34.7,3.8,209,8,47.5263,-90.9306,29.7,175.4,2.5,4.4
SLB27,mag,100,287.6,50.6,3.8,209,8,47.5263,-90.9306,33.9,190.2,3.4,5.1
SLB28,hem,0,288.5,33.3,4.1,217,7,47.5259,-90.9289,25.7,178.3,2.6,4.7
SLB28,hem,100,281.7,48.5,4.1,216,7,47.5259,-90.9289,28.8,192.4,3.5,5.4
SLB28,mag,0,284.4,30.3,8.7,49,7,47.5259,-90.9289,21.6,179.9,5.4,9.7
SLB28,mag,100,277.6,44.9,8.7,49,7,47.5259,-90.9289,24.1,192.6,6.9,11.0
SLB29,hem,0,274.4,8.8,6.2,96,7,47.526,-90.9283,6.2,178.8,3.2,6.3
SLB29,hem,100,271.4,22.0,6.2,96,7,47.526,-90.9283,9.3,185.8,3.5,6.6
SLB29,mag,0,273.2,7.0,6.6,85,7,47.526,-90.9283,4.8,179.1,3.3,6.6
SLB29,mag,100,270.5,20.1,6.6,85,7,47.526,-90.9283,8.0,185.8,3.6,6.9
SLB30,hem,0,290.7,30.9,4.2,173,8,47.5254,-90.9263,26.1,175.5,2.6,4.7
SLB30,hem,100,285.1,46.5,4.2,173,8,47.5254,-90.9263,30.0,188.7,3.5,5.4
SLB30,mag,0,289.6,30.2,4.6,148,8,47.5254,-90.9263,25.1,176.0,2.8,5.1
SLB30,mag,100,283.8,45.6,4.6,149,8,47.5254,-90.9263,28.6,188.9,3.7,5.9
SLB31,hem,0,298.7,27.0,2.1,705,8,47.5253,-90.9262,29.8,167.3,1.2,2.3
SLB31,hem,100,295.5,43.4,2.1,704,8,47.5253,-90.9262,35.3,179.2,1.6,2.6
SLB31,mag,0,296.4,26.9,2.9,367,8,47.5253,-90.9262,28.2,169.2,1.7,3.2
SLB31,mag,100,292.8,43.1,2.9,368,8,47.5253,-90.9262,33.3,180.9,2.2,3.6
SLB32,hem,0,300.0,27.4,3.6,280,7,47.525,-90.9257,30.8,166.5,2.1,3.9
SLB32,hem,100,297.2,43.9,3.6,279,7,47.525,-90.9257,36.7,178.3,2.8,4.5
SLB32,mag,0,299.3,28.3,3.7,273,7,47.525,-90.9257,30.7,167.5,2.2,4.1
SLB32,mag,100,296.1,44.8,3.7,271,7,47.525,-90.9257,36.4,179.8,2.9,4.7
SLB33,hem,0,294.2,25.6,2.8,404,8,47.5249,-90.9256,26.2,170.3,1.6,3.0
SLB33,hem,100,290.4,41.6,2.8,399,8,47.5249,-90.9256,31.0,181.7,2.1,3.4
SLB33,mag,0,294.9,22.7,3.4,266,8,47.5249,-90.9256,25.4,168.5,1.9,3.6
SLB33,mag,100,291.6,38.8,3.4,264,8,47.5249,-90.9256,30.4,179.1,2.4,4.0
SLB34,hem,0,291.7,27.7,3.4,268,8,47.5249,-90.9255,25.4,173.2,2.0,3.7
SLB34,hem,100,287.0,43.4,3.4,269,8,47.5249,-90.9255,29.6,185.3,2.6,4.2
SLB34,mag,0,292.0,27.5,3.5,248,8,47.5249,-90.9255,25.5,172.9,2.1,3.8
SLB34,mag,100,287.4,43.2,3.5,248,8,47.5249,-90.9255,29.8,184.8,2.7,4.3
SLB35,hem,0,297.4,28.9,2.3,484,9,47.5246,-90.9253,29.7,169.3,1.4,2.5
SLB35,hem,100,293.8,45.2,2.3,484,9,47.5246,-90.9253,35.1,181.7,1.8,2.9
SLB35,mag,0,298.2,30.4,2.6,385,9,47.5246,-90.9253,30.9,169.4,1.6,2.9
SLB35,mag,100,294.5,46.8,2.6,387,9,47.5246,-90.9253,36.4,182.5,2.2,3.4
SLB36,hem,0,293.2,24.2,3.8,189,9,47.5242,-90.9242,24.9,170.5,2.2,4.1
SLB36,hem,100,289.4,40.1,3.8,188,9,47.5242,-90.9242,29.5,181.5,2.8,4.6
SLB36,mag,0,292.5,25.1,3.7,193,9,47.5242,-90.9242,24.8,171.4,2.1,4.0
SLB36,mag,100,288.4,40.9,3.7,194,9,47.5242,-90.9242,29.3,182.7,2.7,4.5
SLB37,hem,0,298.4,29.9,2.8,341,9,47.5241,-90.9236,30.8,169.0,1.7,3.1
SLB37,hem,100,294.9,46.3,2.8,339,9,47.5241,-90.9236,36.4,181.8,2.3,3.6
SLB37,mag,0,297.9,30.5,2.6,394,9,47.5241,-90.9236,30.8,169.7,1.6,2.9
SLB37,mag,100,294.0,46.9,2.6,394,9,47.5241,-90.9236,36.1,182.9,2.2,3.4
SLB38,hem,0,294.5,30.7,7.0,63,8,47.5243,-90.9227,28.6,172.5,4.4,7.8
SLB38,hem,100,289.9,46.8,7.0,63,8,47.5243,-90.9227,33.3,185.7,5.8,9.0
SLB38,mag,0,292.0,29.9,6.7,70,8,47.5243,-90.9227,26.5,174.0,4.1,7.4
SLB38,mag,100,286.9,45.6,6.7,70,8,47.5243,-90.9227,30.7,186.8,5.4,8.5
SLB39,hem,0,298.8,30.6,2.7,435,8,47.5243,-90.9226,31.4,169.0,1.7,3.0
SLB39,hem,100,295.2,47.1,2.7,433,8,47.5243,-90.9226,37.1,182.2,2.3,3.5
SLB39,mag,0,297.7,31.0,2.9,359,8,47.5243,-90.9226,30.9,170.1,1.8,3.2
SLB39,mag,100,293.8,47.3,2.9,356,8,47.5243,-90.9226,36.2,183.3,2.4,3.8
SLB40,hem,0,298.6,35.1,4.8,157,7,47.5243,-90.9224,33.3,171.6,3.2,5.5
SLB40,hem,100,294.3,51.5,4.8,157,7,47.5243,-90.9224,38.9,186.6,4.4,6.5
SLB40,mag,0,297.1,36.0,5.0,147,7,47.5243,-90.9224,32.7,173.3,3.4,5.8
SLB40,mag,100,292.1,52.3,5.0,147,7,47.5243,-90.9224,37.9,188.8,4.7,6.9
